key,name,system,energy_TeV,centrality,observable,x,xlow,xhigh,y,stat_minus,stat_plus,sys_minus,sys_plus,source_row,table_doi
pb_h,h±,Pb-Pb,5.02,0–5%,RAA,0.175,0.15,0.2,0.188494,6.4706e-05,6.4706e-05,0.011879,0.011879,0,10.17182/hepdata.86210.v1/t8
pb_h,h±,Pb-Pb,5.02,0–5%,RAA,0.225,0.2,0.25,0.19801,4.2182e-05,4.2182e-05,0.0094435,0.0094435,1,10.17182/hepdata.86210.v1/t8
pb_h,h±,Pb-Pb,5.02,0–5%,RAA,0.275,0.25,0.3,0.207792,4.0361e-05,4.0361e-05,0.0086348,0.0086348,2,10.17182/hepdata.86210.v1/t8
pb_h,h±,Pb-Pb,5.02,0–5%,RAA,0.32499999999999996,0.3,0.35,0.219327,4.1341e-05,4.1341e-05,0.0067666,0.0067666,3,10.17182/hepdata.86210.v1/t8
pb_h,h±,Pb-Pb,5.02,0–5%,RAA,0.375,0.35,0.4,0.231176,4.3767e-05,4.3767e-05,0.0058425,0.0058425,4,10.17182/hepdata.86210.v1/t8
pb_h,h±,Pb-Pb,5.02,0–5%,RAA,0.42500000000000004,0.4,0.45,0.243387,4.7196e-05,4.7196e-05,0.0058837,0.0058837,5,10.17182/hepdata.86210.v1/t8
pb_h,h±,Pb-Pb,5.02,0–5%,RAA,0.475,0.45,0.5,0.255471,5.2508e-05,5.2508e-05,0.0061665,0.0061665,6,10.17182/hepdata.86210.v1/t8
pb_h,h±,Pb-Pb,5.02,0–5%,RAA,0.525,0.5,0.55,0.267528,5.9421e-05,5.9421e-05,0.0063514,0.0063514,7,10.17182/hepdata.86210.v1/t8
pb_h,h±,Pb-Pb,5.02,0–5%,RAA,0.575,0.55,0.6,0.279677,6.6739e-05,6.6739e-05,0.0062022,0.0062022,8,10.17182/hepdata.86210.v1/t8
pb_h,h±,Pb-Pb,5.02,0–5%,RAA,0.625,0.6,0.65,0.291486,7.5142e-05,7.5142e-05,0.0064125,0.0064125,9,10.17182/hepdata.86210.v1/t8
pb_h,h±,Pb-Pb,5.02,0–5%,RAA,0.675,0.65,0.7,0.302886,8.4738e-05,8.4738e-05,0.006397,0.006397,10,10.17182/hepdata.86210.v1/t8
pb_h,h±,Pb-Pb,5.02,0–5%,RAA,0.725,0.7,0.75,0.314375,9.4574e-05,9.4574e-05,0.0064142,0.0064142,11,10.17182/hepdata.86210.v1/t8
pb_h,h±,Pb-Pb,5.02,0–5%,RAA,0.775,0.75,0.8,0.324738,0.00010525,0.00010525,0.0066429,0.0066429,12,10.17182/hepdata.86210.v1/t8
pb_h,h±,Pb-Pb,5.02,0–5%,RAA,0.825,0.8,0.85,0.334996,0.00011675,0.00011675,0.0069063,0.0069063,13,10.17182/hepdata.86210.v1/t8
pb_h,h±,Pb-Pb,5.02,0–5%,RAA,0.875,0.85,0.9,0.34458,0.00012908,0.00012908,0.0066117,0.0066117,14,10.17182/hepdata.86210.v1/t8
pb_h,h±,Pb-Pb,5.02,0–5%,RAA,0.925,0.9,0.95,0.35326,0.00014193,0.00014193,0.0064691,0.0064691,15,10.17182/hepdata.86210.v1/t8
pb_h,h±,Pb-Pb,5.02,0–5%,RAA,0.975,0.95,1.0,0.361728,0.00015413,0.00015413,0.0067687,0.0067687,16,10.17182/hepdata.86210.v1/t8
pb_h,h±,Pb-Pb,5.02,0–5%,RAA,1.05,1.0,1.1,0.37243,0.00012093,0.00012093,0.0070955,0.0070955,17,10.17182/hepdata.86210.v1/t8
pb_h,h±,Pb-Pb,5.02,0–5%,RAA,1.15,1.1,1.2,0.386406,0.00013812,0.00013812,0.0074215,0.0074215,18,10.17182/hepdata.86210.v1/t8
pb_h,h±,Pb-Pb,5.02,0–5%,RAA,1.2999999999999998,1.2,1.4,0.402806,0.00011184,0.00011184,0.0085248,0.0085248,19,10.17182/hepdata.86210.v1/t8
pb_h,h±,Pb-Pb,5.02,0–5%,RAA,1.5,1.4,1.6,0.419814,0.0001409,0.0001409,0.010138,0.010138,20,10.17182/hepdata.86210.v1/t8
pb_h,h±,Pb-Pb,5.02,0–5%,RAA,1.7000000000000002,1.6,1.8,0.431153,0.00017347,0.00017347,0.011251,0.011251,21,10.17182/hepdata.86210.v1/t8
pb_h,h±,Pb-Pb,5.02,0–5%,RAA,1.9,1.8,2.0,0.434408,0.0002086,0.0002086,0.011927,0.011927,22,10.17182/hepdata.86210.v1/t8
pb_h,h±,Pb-Pb,5.02,0–5%,RAA,2.1,2.0,2.2,0.435141,0.00025659,0.00025659,0.012453,0.012453,23,10.17182/hepdata.86210.v1/t8
pb_h,h±,Pb-Pb,5.02,0–5%,RAA,2.3,2.2,2.4,0.427501,0.00029708,0.00029708,0.011893,0.011893,24,10.17182/hepdata.86210.v1/t8
pb_h,h±,Pb-Pb,5.02,0–5%,RAA,2.5,2.4,2.6,0.413536,0.0003368,0.0003368,0.011762,0.011762,25,10.17182/hepdata.86210.v1/t8
pb_h,h±,Pb-Pb,5.02,0–5%,RAA,2.7,2.6,2.8,0.393387,0.00037401,0.00037401,0.011636,0.011636,26,10.17182/hepdata.86210.v1/t8
pb_h,h±,Pb-Pb,5.02,0–5%,RAA,2.9,2.8,3.0,0.370042,0.00040879,0.00040879,0.011047,0.011047,27,10.17182/hepdata.86210.v1/t8
pb_h,h±,Pb-Pb,5.02,0–5%,RAA,3.1,3.0,3.2,0.347612,0.00044488,0.00044488,0.01066,0.01066,28,10.17182/hepdata.86210.v1/t8
pb_h,h±,Pb-Pb,5.02,0–5%,RAA,3.4000000000000004,3.2,3.6,0.312928,0.00034228,0.00034228,0.0097654,0.0097654,29,10.17182/hepdata.86210.v1/t8
pb_h,h±,Pb-Pb,5.02,0–5%,RAA,3.8,3.6,4.0,0.262523,0.00037679,0.00037679,0.0080363,0.0080363,30,10.17182/hepdata.86210.v1/t8
pb_h,h±,Pb-Pb,5.02,0–5%,RAA,4.5,4.0,5.0,0.205135,0.00028102,0.00028102,0.006415,0.006415,31,10.17182/hepdata.86210.v1/t8
pb_h,h±,Pb-Pb,5.02,0–5%,RAA,5.5,5.0,6.0,0.149629,0.00035456,0.00035456,0.0041125,0.0041125,32,10.17182/hepdata.86210.v1/t8
pb_h,h±,Pb-Pb,5.02,0–5%,RAA,7.0,6.0,8.0,0.131015,0.00039877,0.00039877,0.0036368,0.0036368,33,10.17182/hepdata.86210.v1/t8
pb_h,h±,Pb-Pb,5.02,0–5%,RAA,9.0,8.0,10.0,0.139377,0.00081726,0.00081726,0.0039827,0.0039827,34,10.17182/hepdata.86210.v1/t8
pb_h,h±,Pb-Pb,5.02,0–5%,RAA,11.5,10.0,13.0,0.161794,0.0014023,0.0014023,0.005419,0.005419,35,10.17182/hepdata.86210.v1/t8
pb_h,h±,Pb-Pb,5.02,0–5%,RAA,16.5,13.0,20.0,0.20074,0.0025778,0.0025778,0.0091875,0.0091875,36,10.17182/hepdata.86210.v1/t8
pb_h,h±,Pb-Pb,5.02,0–5%,RAA,25.0,20.0,30.0,0.294104,0.0092379,0.0092379,0.016616,0.016616,37,10.17182/hepdata.86210.v1/t8
pb_h,h±,Pb-Pb,5.02,0–5%,RAA,40.0,30.0,50.0,0.364925,0.025986,0.025986,0.0243,0.0243,38,10.17182/hepdata.86210.v1/t8
pb_pi,π±,Pb-Pb,5.02,0–5%,RAA,0.11,0.1,0.12,0.16154,0.00087461,0.00087461,0.015484,0.015484,0,10.17182/hepdata.104923.v1/t15
pb_pi,π±,Pb-Pb,5.02,0–5%,RAA,0.13,0.12,0.14,0.16233,0.00075349,0.00075349,0.010557,0.010557,1,10.17182/hepdata.104923.v1/t15
pb_pi,π±,Pb-Pb,5.02,0–5%,RAA,0.15000000000000002,0.14,0.16,0.16461,0.00073063,0.00073063,0.010121,0.010121,2,10.17182/hepdata.104923.v1/t15
pb_pi,π±,Pb-Pb,5.02,0–5%,RAA,0.16999999999999998,0.16,0.18,0.16779,0.00072466,0.00072466,0.010036,0.010036,3,10.17182/hepdata.104923.v1/t15
pb_pi,π±,Pb-Pb,5.02,0–5%,RAA,0.19,0.18,0.2,0.17194,0.00072977,0.00072977,0.010156,0.010156,4,10.17182/hepdata.104923.v1/t15
pb_pi,π±,Pb-Pb,5.02,0–5%,RAA,0.225,0.2,0.25,0.179,0.00067206,0.00067206,0.010923,0.010923,5,10.17182/hepdata.104923.v1/t15
pb_pi,π±,Pb-Pb,5.02,0–5%,RAA,0.275,0.25,0.3,0.19022,0.00071269,0.00071269,0.012075,0.012075,6,10.17182/hepdata.104923.v1/t15
pb_pi,π±,Pb-Pb,5.02,0–5%,RAA,0.32499999999999996,0.3,0.35,0.21362,0.00029097,0.00029097,0.0073156,0.0073156,7,10.17182/hepdata.104923.v1/t15
pb_pi,π±,Pb-Pb,5.02,0–5%,RAA,0.375,0.35,0.4,0.22907,0.00028692,0.00028692,0.0079099,0.0079099,8,10.17182/hepdata.104923.v1/t15
pb_pi,π±,Pb-Pb,5.02,0–5%,RAA,0.42500000000000004,0.4,0.45,0.24353,0.0003185,0.0003185,0.0087395,0.0087395,9,10.17182/hepdata.104923.v1/t15
pb_pi,π±,Pb-Pb,5.02,0–5%,RAA,0.475,0.45,0.5,0.25824,0.00034913,0.00034913,0.009509,0.009509,10,10.17182/hepdata.104923.v1/t15
pb_pi,π±,Pb-Pb,5.02,0–5%,RAA,0.525,0.5,0.55,0.26673,0.00032102,0.00032102,0.0078182,0.0078182,11,10.17182/hepdata.104923.v1/t15
pb_pi,π±,Pb-Pb,5.02,0–5%,RAA,0.575,0.55,0.6,0.27671,0.00037301,0.00037301,0.0082497,0.0082497,12,10.17182/hepdata.104923.v1/t15
pb_pi,π±,Pb-Pb,5.02,0–5%,RAA,0.625,0.6,0.65,0.28556,0.00044739,0.00044739,0.0093428,0.0093428,13,10.17182/hepdata.104923.v1/t15
pb_pi,π±,Pb-Pb,5.02,0–5%,RAA,0.675,0.65,0.7,0.29839,0.00047821,0.00047821,0.01026,0.01026,14,10.17182/hepdata.104923.v1/t15
pb_pi,π±,Pb-Pb,5.02,0–5%,RAA,0.725,0.7,0.75,0.31392,0.00041672,0.00041672,0.012689,0.012689,15,10.17182/hepdata.104923.v1/t15
pb_pi,π±,Pb-Pb,5.02,0–5%,RAA,0.775,0.75,0.8,0.32833,0.00045863,0.00045863,0.013695,0.013695,16,10.17182/hepdata.104923.v1/t15
pb_pi,π±,Pb-Pb,5.02,0–5%,RAA,0.825,0.8,0.85,0.34043,0.00047981,0.00047981,0.013948,0.013948,17,10.17182/hepdata.104923.v1/t15
pb_pi,π±,Pb-Pb,5.02,0–5%,RAA,0.875,0.85,0.9,0.35262,0.00054264,0.00054264,0.014256,0.014256,18,10.17182/hepdata.104923.v1/t15
pb_pi,π±,Pb-Pb,5.02,0–5%,RAA,0.925,0.9,0.95,0.36515,0.00061525,0.00061525,0.01479,0.01479,19,10.17182/hepdata.104923.v1/t15
pb_pi,π±,Pb-Pb,5.02,0–5%,RAA,0.975,0.95,1.0,0.37647,0.00069257,0.00069257,0.015086,0.015086,20,10.17182/hepdata.104923.v1/t15
pb_pi,π±,Pb-Pb,5.02,0–5%,RAA,1.05,1.0,1.1,0.38664,0.00055809,0.00055809,0.015468,0.015468,21,10.17182/hepdata.104923.v1/t15
pb_pi,π±,Pb-Pb,5.02,0–5%,RAA,1.15,1.1,1.2,0.38562,0.0006362,0.0006362,0.015614,0.015614,22,10.17182/hepdata.104923.v1/t15
pb_pi,π±,Pb-Pb,5.02,0–5%,RAA,1.25,1.2,1.3,0.41313,0.0031551,0.0031551,0.017393,0.017393,23,10.17182/hepdata.104923.v1/t15
pb_pi,π±,Pb-Pb,5.02,0–5%,RAA,1.35,1.3,1.4,0.42058,0.00088409,0.00088409,0.018329,0.018329,24,10.17182/hepdata.104923.v1/t15
pb_pi,π±,Pb-Pb,5.02,0–5%,RAA,1.45,1.4,1.5,0.42161,0.00098397,0.00098397,0.017864,0.017864,25,10.17182/hepdata.104923.v1/t15
pb_pi,π±,Pb-Pb,5.02,0–5%,RAA,1.55,1.5,1.6,0.41939,0.0011032,0.0011032,0.017613,0.017613,26,10.17182/hepdata.104923.v1/t15
pb_pi,π±,Pb-Pb,5.02,0–5%,RAA,1.65,1.6,1.7,0.40893,0.0012396,0.0012396,0.022465,0.022465,27,10.17182/hepdata.104923.v1/t15
pb_pi,π±,Pb-Pb,5.02,0–5%,RAA,1.75,1.7,1.8,0.40732,0.0013328,0.0013328,0.021993,0.021993,28,10.17182/hepdata.104923.v1/t15
pb_pi,π±,Pb-Pb,5.02,0–5%,RAA,1.85,1.8,1.9,0.39549,0.0014094,0.0014094,0.021445,0.021445,29,10.17182/hepdata.104923.v1/t15
pb_pi,π±,Pb-Pb,5.02,0–5%,RAA,1.95,1.9,2.0,0.38777,0.0015122,0.0015122,0.022151,0.022151,30,10.17182/hepdata.104923.v1/t15
pb_pi,π±,Pb-Pb,5.02,0–5%,RAA,2.1,2.0,2.2,0.34905,0.0010525,0.0010525,0.016944,0.016944,31,10.17182/hepdata.104923.v1/t15
pb_pi,π±,Pb-Pb,5.02,0–5%,RAA,2.3,2.2,2.4,0.32321,0.0010277,0.0010277,0.014027,0.014027,32,10.17182/hepdata.104923.v1/t15
pb_pi,π±,Pb-Pb,5.02,0–5%,RAA,2.5,2.4,2.6,0.30017,0.0011329,0.0011329,0.011786,0.011786,33,10.17182/hepdata.104923.v1/t15
pb_pi,π±,Pb-Pb,5.02,0–5%,RAA,2.7,2.6,2.8,0.2765,0.001186,0.001186,0.010313,0.010313,34,10.17182/hepdata.104923.v1/t15
pb_pi,π±,Pb-Pb,5.02,0–5%,RAA,2.9,2.8,3.0,0.25535,0.0012258,0.0012258,0.0094899,0.0094899,35,10.17182/hepdata.104923.v1/t15
pb_pi,π±,Pb-Pb,5.02,0–5%,RAA,3.1,3.0,3.2,0.2337,0.0013038,0.0013038,0.0086088,0.0086088,36,10.17182/hepdata.104923.v1/t15
pb_pi,π±,Pb-Pb,5.02,0–5%,RAA,3.3,3.2,3.4,0.21398,0.0013511,0.0013511,0.0075877,0.0075877,37,10.17182/hepdata.104923.v1/t15
pb_pi,π±,Pb-Pb,5.02,0–5%,RAA,3.5,3.4,3.6,0.19395,0.0013908,0.0013908,0.0070298,0.0070298,38,10.17182/hepdata.104923.v1/t15
pb_pi,π±,Pb-Pb,5.02,0–5%,RAA,3.7,3.6,3.8,0.17901,0.0013987,0.0013987,0.0062252,0.0062252,39,10.17182/hepdata.104923.v1/t15
pb_pi,π±,Pb-Pb,5.02,0–5%,RAA,3.9,3.8,4.0,0.16635,0.0014483,0.0014483,0.0059759,0.0059759,40,10.17182/hepdata.104923.v1/t15
pb_pi,π±,Pb-Pb,5.02,0–5%,RAA,4.25,4.0,4.5,0.14756,0.00096945,0.00096945,0.0055561,0.0055561,41,10.17182/hepdata.104923.v1/t15
pb_pi,π±,Pb-Pb,5.02,0–5%,RAA,4.75,4.5,5.0,0.13143,0.0011214,0.0011214,0.0044587,0.0044587,42,10.17182/hepdata.104923.v1/t15
pb_pi,π±,Pb-Pb,5.02,0–5%,RAA,5.25,5.0,5.5,0.12155,0.0013212,0.0013212,0.0041428,0.0041428,43,10.17182/hepdata.104923.v1/t15
pb_pi,π±,Pb-Pb,5.02,0–5%,RAA,5.75,5.5,6.0,0.11556,0.0015713,0.0015713,0.0039448,0.0039448,44,10.17182/hepdata.104923.v1/t15
pb_pi,π±,Pb-Pb,5.02,0–5%,RAA,6.25,6.0,6.5,0.11892,0.0018264,0.0018264,0.004567,0.004567,45,10.17182/hepdata.104923.v1/t15
pb_pi,π±,Pb-Pb,5.02,0–5%,RAA,6.75,6.5,7.0,0.11926,0.002217,0.002217,0.0043767,0.0043767,46,10.17182/hepdata.104923.v1/t15
pb_pi,π±,Pb-Pb,5.02,0–5%,RAA,7.5,7.0,8.0,0.12403,0.0021619,0.0021619,0.0049429,0.0049429,47,10.17182/hepdata.104923.v1/t15
pb_pi,π±,Pb-Pb,5.02,0–5%,RAA,8.5,8.0,9.0,0.13471,0.0032344,0.0032344,0.0051597,0.0051597,48,10.17182/hepdata.104923.v1/t15
pb_pi,π±,Pb-Pb,5.02,0–5%,RAA,9.5,9.0,10.0,0.14879,0.0046695,0.0046695,0.0057,0.0057,49,10.17182/hepdata.104923.v1/t15
pb_pi,π±,Pb-Pb,5.02,0–5%,RAA,10.5,10.0,11.0,0.16224,0.0066539,0.0066539,0.0067477,0.0067477,50,10.17182/hepdata.104923.v1/t15
pb_pi,π±,Pb-Pb,5.02,0–5%,RAA,11.5,11.0,12.0,0.16943,0.0086561,0.0086561,0.0070454,0.0070454,51,10.17182/hepdata.104923.v1/t15
pb_pi,π±,Pb-Pb,5.02,0–5%,RAA,12.5,12.0,13.0,0.18751,0.011744,0.011744,0.0078089,0.0078089,52,10.17182/hepdata.104923.v1/t15
pb_pi,π±,Pb-Pb,5.02,0–5%,RAA,13.5,13.0,14.0,0.19707,0.015735,0.015735,0.0082649,0.0082649,53,10.17182/hepdata.104923.v1/t15
pb_pi,π±,Pb-Pb,5.02,0–5%,RAA,14.5,14.0,15.0,0.19992,0.018453,0.018453,0.0083761,0.0083761,54,10.17182/hepdata.104923.v1/t15
pb_pi,π±,Pb-Pb,5.02,0–5%,RAA,15.5,15.0,16.0,0.22931,0.026741,0.026741,0.0096073,0.0096073,55,10.17182/hepdata.104923.v1/t15
pb_pi,π±,Pb-Pb,5.02,0–5%,RAA,17.0,16.0,18.0,0.22958,0.022408,0.022408,0.009654,0.009654,56,10.17182/hepdata.104923.v1/t15
pb_pi,π±,Pb-Pb,5.02,0–5%,RAA,19.0,18.0,20.0,0.24191,0.036591,0.036591,0.010135,0.010135,57,10.17182/hepdata.104923.v1/t15
pb_k,K±,Pb-Pb,5.02,0–5%,RAA,0.225,0.2,0.25,0.16313,0.0011337,0.0011337,0.01189,0.01189,0,10.17182/hepdata.104923.v1/t16
pb_k,K±,Pb-Pb,5.02,0–5%,RAA,0.275,0.25,0.3,0.17091,0.00068512,0.00068512,0.0099378,0.0099378,1,10.17182/hepdata.104923.v1/t16
pb_k,K±,Pb-Pb,5.02,0–5%,RAA,0.32499999999999996,0.3,0.35,0.1797,0.00066142,0.00066142,0.0078652,0.0078652,2,10.17182/hepdata.104923.v1/t16
pb_k,K±,Pb-Pb,5.02,0–5%,RAA,0.375,0.35,0.4,0.1904,0.00089488,0.00089488,0.010043,0.010043,3,10.17182/hepdata.104923.v1/t16
pb_k,K±,Pb-Pb,5.02,0–5%,RAA,0.42500000000000004,0.4,0.45,0.20632,0.00094386,0.00094386,0.01102,0.01102,4,10.17182/hepdata.104923.v1/t16
pb_k,K±,Pb-Pb,5.02,0–5%,RAA,0.475,0.45,0.5,0.22552,0.0034929,0.0034929,0.010668,0.010668,5,10.17182/hepdata.104923.v1/t16
pb_k,K±,Pb-Pb,5.02,0–5%,RAA,0.525,0.5,0.55,0.24973,0.0045632,0.0045632,0.013888,0.013888,6,10.17182/hepdata.104923.v1/t16
pb_k,K±,Pb-Pb,5.02,0–5%,RAA,0.575,0.55,0.6,0.26311,0.0065364,0.0065364,0.016944,0.016944,7,10.17182/hepdata.104923.v1/t16
pb_k,K±,Pb-Pb,5.02,0–5%,RAA,0.625,0.6,0.65,0.27936,0.011966,0.011966,0.022327,0.022327,8,10.17182/hepdata.104923.v1/t16
pb_k,K±,Pb-Pb,5.02,0–5%,RAA,0.675,0.65,0.7,0.29112,0.0025357,0.0025357,0.012065,0.012065,9,10.17182/hepdata.104923.v1/t16
pb_k,K±,Pb-Pb,5.02,0–5%,RAA,0.725,0.7,0.75,0.31431,0.0026195,0.0026195,0.012938,0.012938,10,10.17182/hepdata.104923.v1/t16
pb_k,K±,Pb-Pb,5.02,0–5%,RAA,0.775,0.75,0.8,0.3383,0.002789,0.002789,0.01371,0.01371,11,10.17182/hepdata.104923.v1/t16
pb_k,K±,Pb-Pb,5.02,0–5%,RAA,0.825,0.8,0.85,0.35921,0.0030257,0.0030257,0.014685,0.014685,12,10.17182/hepdata.104923.v1/t16
pb_k,K±,Pb-Pb,5.02,0–5%,RAA,0.875,0.85,0.9,0.38005,0.0032744,0.0032744,0.015587,0.015587,13,10.17182/hepdata.104923.v1/t16
pb_k,K±,Pb-Pb,5.02,0–5%,RAA,0.925,0.9,0.95,0.39742,0.0035853,0.0035853,0.016359,0.016359,14,10.17182/hepdata.104923.v1/t16
pb_k,K±,Pb-Pb,5.02,0–5%,RAA,0.975,0.95,1.0,0.41873,0.0039034,0.0039034,0.016975,0.016975,15,10.17182/hepdata.104923.v1/t16
pb_k,K±,Pb-Pb,5.02,0–5%,RAA,1.05,1.0,1.1,0.43975,0.0033612,0.0033612,0.017758,0.017758,16,10.17182/hepdata.104923.v1/t16
pb_k,K±,Pb-Pb,5.02,0–5%,RAA,1.15,1.1,1.2,0.46333,0.0037675,0.0037675,0.019103,0.019103,17,10.17182/hepdata.104923.v1/t16
pb_k,K±,Pb-Pb,5.02,0–5%,RAA,1.25,1.2,1.3,0.48289,0.0044379,0.0044379,0.020967,0.020967,18,10.17182/hepdata.104923.v1/t16
pb_k,K±,Pb-Pb,5.02,0–5%,RAA,1.35,1.3,1.4,0.49443,0.0048893,0.0048893,0.021566,0.021566,19,10.17182/hepdata.104923.v1/t16
pb_k,K±,Pb-Pb,5.02,0–5%,RAA,1.45,1.4,1.5,0.50469,0.00521,0.00521,0.021565,0.021565,20,10.17182/hepdata.104923.v1/t16
pb_k,K±,Pb-Pb,5.02,0–5%,RAA,1.55,1.5,1.6,0.50609,0.0056128,0.0056128,0.021307,0.021307,21,10.17182/hepdata.104923.v1/t16
pb_k,K±,Pb-Pb,5.02,0–5%,RAA,1.65,1.6,1.7,0.50661,0.0061059,0.0061059,0.021068,0.021068,22,10.17182/hepdata.104923.v1/t16
pb_k,K±,Pb-Pb,5.02,0–5%,RAA,1.75,1.7,1.8,0.50332,0.0066805,0.0066805,0.019886,0.019886,23,10.17182/hepdata.104923.v1/t16
pb_k,K±,Pb-Pb,5.02,0–5%,RAA,1.85,1.8,1.9,0.48793,0.0089699,0.0089699,0.023036,0.023036,24,10.17182/hepdata.104923.v1/t16
pb_k,K±,Pb-Pb,5.02,0–5%,RAA,1.95,1.9,2.0,0.48453,0.011384,0.011384,0.025938,0.025938,25,10.17182/hepdata.104923.v1/t16
pb_k,K±,Pb-Pb,5.02,0–5%,RAA,2.1,2.0,2.2,0.47512,0.011929,0.011929,0.028836,0.028836,26,10.17182/hepdata.104923.v1/t16
pb_k,K±,Pb-Pb,5.02,0–5%,RAA,2.3,2.2,2.4,0.44263,0.014336,0.014336,0.029354,0.029354,27,10.17182/hepdata.104923.v1/t16
pb_k,K±,Pb-Pb,5.02,0–5%,RAA,2.5,2.4,2.6,0.42438,0.014774,0.014774,0.027066,0.027066,28,10.17182/hepdata.104923.v1/t16
pb_k,K±,Pb-Pb,5.02,0–5%,RAA,2.7,2.6,2.8,0.39287,0.014782,0.014782,0.024691,0.024691,29,10.17182/hepdata.104923.v1/t16
pb_k,K±,Pb-Pb,5.02,0–5%,RAA,2.9,2.8,3.0,0.36131,0.016452,0.016452,0.024413,0.024413,30,10.17182/hepdata.104923.v1/t16
pb_k,K±,Pb-Pb,5.02,0–5%,RAA,3.1,3.0,3.2,0.34553,0.013075,0.013075,0.026721,0.026721,31,10.17182/hepdata.104923.v1/t16
pb_k,K±,Pb-Pb,5.02,0–5%,RAA,3.3,3.2,3.4,0.30557,0.011578,0.011578,0.024669,0.024669,32,10.17182/hepdata.104923.v1/t16
pb_k,K±,Pb-Pb,5.02,0–5%,RAA,3.5,3.4,3.6,0.27445,0.010866,0.010866,0.024806,0.024806,33,10.17182/hepdata.104923.v1/t16
pb_k,K±,Pb-Pb,5.02,0–5%,RAA,3.7,3.6,3.8,0.24838,0.0099606,0.0099606,0.023428,0.023428,34,10.17182/hepdata.104923.v1/t16
pb_k,K±,Pb-Pb,5.02,0–5%,RAA,3.9,3.8,4.0,0.22692,0.0087504,0.0087504,0.022396,0.022396,35,10.17182/hepdata.104923.v1/t16
pb_k,K±,Pb-Pb,5.02,0–5%,RAA,4.25,4.0,4.5,0.18987,0.0066351,0.0066351,0.019851,0.019851,36,10.17182/hepdata.104923.v1/t16
pb_k,K±,Pb-Pb,5.02,0–5%,RAA,4.75,4.5,5.0,0.15163,0.0044138,0.0044138,0.015067,0.015067,37,10.17182/hepdata.104923.v1/t16
pb_k,K±,Pb-Pb,5.02,0–5%,RAA,5.25,5.0,5.5,0.13244,0.0035068,0.0035068,0.012256,0.012256,38,10.17182/hepdata.104923.v1/t16
pb_k,K±,Pb-Pb,5.02,0–5%,RAA,5.75,5.5,6.0,0.12464,0.0033281,0.0033281,0.010826,0.010826,39,10.17182/hepdata.104923.v1/t16
pb_k,K±,Pb-Pb,5.02,0–5%,RAA,6.25,6.0,6.5,0.12477,0.0035834,0.0035834,0.012408,0.012408,40,10.17182/hepdata.104923.v1/t16
pb_k,K±,Pb-Pb,5.02,0–5%,RAA,6.75,6.5,7.0,0.12505,0.0040134,0.0040134,0.012233,0.012233,41,10.17182/hepdata.104923.v1/t16
pb_k,K±,Pb-Pb,5.02,0–5%,RAA,7.5,7.0,8.0,0.13529,0.0036348,0.0036348,0.013584,0.013584,42,10.17182/hepdata.104923.v1/t16
pb_k,K±,Pb-Pb,5.02,0–5%,RAA,8.5,8.0,9.0,0.14313,0.0052944,0.0052944,0.017303,0.017303,43,10.17182/hepdata.104923.v1/t16
pb_k,K±,Pb-Pb,5.02,0–5%,RAA,9.5,9.0,10.0,0.16112,0.0077889,0.0077889,0.019554,0.019554,44,10.17182/hepdata.104923.v1/t16
pb_k,K±,Pb-Pb,5.02,0–5%,RAA,10.5,10.0,11.0,0.17422,0.010498,0.010498,0.021429,0.021429,45,10.17182/hepdata.104923.v1/t16
pb_k,K±,Pb-Pb,5.02,0–5%,RAA,11.5,11.0,12.0,0.17566,0.013125,0.013125,0.021714,0.021714,46,10.17182/hepdata.104923.v1/t16
pb_k,K±,Pb-Pb,5.02,0–5%,RAA,12.5,12.0,13.0,0.19102,0.019047,0.019047,0.023767,0.023767,47,10.17182/hepdata.104923.v1/t16
pb_k,K±,Pb-Pb,5.02,0–5%,RAA,13.5,13.0,14.0,0.21041,0.026699,0.026699,0.02635,0.02635,48,10.17182/hepdata.104923.v1/t16
pb_k,K±,Pb-Pb,5.02,0–5%,RAA,14.5,14.0,15.0,0.21793,0.032254,0.032254,0.027483,0.027483,49,10.17182/hepdata.104923.v1/t16
pb_k,K±,Pb-Pb,5.02,0–5%,RAA,15.5,15.0,16.0,0.23582,0.03753,0.03753,0.029966,0.029966,50,10.17182/hepdata.104923.v1/t16
pb_k,K±,Pb-Pb,5.02,0–5%,RAA,17.0,16.0,18.0,0.22858,0.034027,0.034027,0.029444,0.029444,51,10.17182/hepdata.104923.v1/t16
pb_k,K±,Pb-Pb,5.02,0–5%,RAA,19.0,18.0,20.0,0.24935,0.055544,0.055544,0.032676,0.032676,52,10.17182/hepdata.104923.v1/t16
pb_p,p + p̄,Pb-Pb,5.02,0–5%,RAA,0.32499999999999996,0.3,0.35,0.05825,0.00092008,0.00092008,0.0068548,0.0068548,0,10.17182/hepdata.104923.v1/t17
pb_p,p + p̄,Pb-Pb,5.02,0–5%,RAA,0.375,0.35,0.4,0.062038,0.0007884,0.0007884,0.0064737,0.0064737,1,10.17182/hepdata.104923.v1/t17
pb_p,p + p̄,Pb-Pb,5.02,0–5%,RAA,0.42500000000000004,0.4,0.45,0.067887,0.00074169,0.00074169,0.0063346,0.0063346,2,10.17182/hepdata.104923.v1/t17
pb_p,p + p̄,Pb-Pb,5.02,0–5%,RAA,0.475,0.45,0.5,0.070001,0.00037975,0.00037975,0.0051694,0.0051694,3,10.17182/hepdata.104923.v1/t17
pb_p,p + p̄,Pb-Pb,5.02,0–5%,RAA,0.525,0.5,0.55,0.076547,0.00077967,0.00077967,0.0049935,0.0049935,4,10.17182/hepdata.104923.v1/t17
pb_p,p + p̄,Pb-Pb,5.02,0–5%,RAA,0.575,0.55,0.6,0.085814,0.00081613,0.00081613,0.0051148,0.0051148,5,10.17182/hepdata.104923.v1/t17
pb_p,p + p̄,Pb-Pb,5.02,0–5%,RAA,0.625,0.6,0.65,0.089227,0.00089995,0.00089995,0.0075144,0.0075144,6,10.17182/hepdata.104923.v1/t17
pb_p,p + p̄,Pb-Pb,5.02,0–5%,RAA,0.675,0.65,0.7,0.095075,0.00048456,0.00048456,0.010637,0.010637,7,10.17182/hepdata.104923.v1/t17
pb_p,p + p̄,Pb-Pb,5.02,0–5%,RAA,0.725,0.7,0.75,0.1096,0.00056693,0.00056693,0.01488,0.01488,8,10.17182/hepdata.104923.v1/t17
pb_p,p + p̄,Pb-Pb,5.02,0–5%,RAA,0.775,0.75,0.8,0.12066,0.00065258,0.00065258,0.021334,0.021334,9,10.17182/hepdata.104923.v1/t17
pb_p,p + p̄,Pb-Pb,5.02,0–5%,RAA,0.825,0.8,0.85,0.12111,0.00060683,0.00060683,0.0070437,0.0070437,10,10.17182/hepdata.104923.v1/t17
pb_p,p + p̄,Pb-Pb,5.02,0–5%,RAA,0.875,0.85,0.9,0.13224,0.00067425,0.00067425,0.0072002,0.0072002,11,10.17182/hepdata.104923.v1/t17
pb_p,p + p̄,Pb-Pb,5.02,0–5%,RAA,0.925,0.9,0.95,0.15188,0.00078584,0.00078584,0.0080946,0.0080946,12,10.17182/hepdata.104923.v1/t17
pb_p,p + p̄,Pb-Pb,5.02,0–5%,RAA,0.975,0.95,1.0,0.16079,0.00087404,0.00087404,0.0087356,0.0087356,13,10.17182/hepdata.104923.v1/t17
pb_p,p + p̄,Pb-Pb,5.02,0–5%,RAA,1.05,1.0,1.1,0.1829,0.00073495,0.00073495,0.0093464,0.0093464,14,10.17182/hepdata.104923.v1/t17
pb_p,p + p̄,Pb-Pb,5.02,0–5%,RAA,1.15,1.1,1.2,0.2205,0.00094105,0.00094105,0.011455,0.011455,15,10.17182/hepdata.104923.v1/t17
pb_p,p + p̄,Pb-Pb,5.02,0–5%,RAA,1.25,1.2,1.3,0.26584,0.0012279,0.0012279,0.013938,0.013938,16,10.17182/hepdata.104923.v1/t17
pb_p,p + p̄,Pb-Pb,5.02,0–5%,RAA,1.35,1.3,1.4,0.31707,0.0015737,0.0015737,0.017378,0.017378,17,10.17182/hepdata.104923.v1/t17
pb_p,p + p̄,Pb-Pb,5.02,0–5%,RAA,1.45,1.4,1.5,0.36108,0.001907,0.001907,0.019184,0.019184,18,10.17182/hepdata.104923.v1/t17
pb_p,p + p̄,Pb-Pb,5.02,0–5%,RAA,1.55,1.5,1.6,0.40615,0.00261,0.00261,0.02019,0.02019,19,10.17182/hepdata.104923.v1/t17
pb_p,p + p̄,Pb-Pb,5.02,0–5%,RAA,1.65,1.6,1.7,0.46353,0.0030893,0.0030893,0.022594,0.022594,20,10.17182/hepdata.104923.v1/t17
pb_p,p + p̄,Pb-Pb,5.02,0–5%,RAA,1.75,1.7,1.8,0.50899,0.00356,0.00356,0.024178,0.024178,21,10.17182/hepdata.104923.v1/t17
pb_p,p + p̄,Pb-Pb,5.02,0–5%,RAA,1.85,1.8,1.9,0.55643,0.0041162,0.0041162,0.026599,0.026599,22,10.17182/hepdata.104923.v1/t17
pb_p,p + p̄,Pb-Pb,5.02,0–5%,RAA,1.95,1.9,2.0,0.59282,0.0046168,0.0046168,0.028283,0.028283,23,10.17182/hepdata.104923.v1/t17
pb_p,p + p̄,Pb-Pb,5.02,0–5%,RAA,2.1,2.0,2.2,0.65759,0.0045588,0.0045588,0.032588,0.032588,24,10.17182/hepdata.104923.v1/t17
pb_p,p + p̄,Pb-Pb,5.02,0–5%,RAA,2.3,2.2,2.4,0.71921,0.0052765,0.0052765,0.035554,0.035554,25,10.17182/hepdata.104923.v1/t17
pb_p,p + p̄,Pb-Pb,5.02,0–5%,RAA,2.5,2.4,2.6,0.74127,0.0066336,0.0066336,0.034818,0.034818,26,10.17182/hepdata.104923.v1/t17
pb_p,p + p̄,Pb-Pb,5.02,0–5%,RAA,2.7,2.6,2.8,0.75955,0.0076499,0.0076499,0.035303,0.035303,27,10.17182/hepdata.104923.v1/t17
pb_p,p + p̄,Pb-Pb,5.02,0–5%,RAA,2.9,2.8,3.0,0.75246,0.008506,0.008506,0.035586,0.035586,28,10.17182/hepdata.104923.v1/t17
pb_p,p + p̄,Pb-Pb,5.02,0–5%,RAA,3.1,3.0,3.2,0.72153,0.0098448,0.0098448,0.034652,0.034652,29,10.17182/hepdata.104923.v1/t17
pb_p,p + p̄,Pb-Pb,5.02,0–5%,RAA,3.3,3.2,3.4,0.66581,0.012045,0.012045,0.034616,0.034616,30,10.17182/hepdata.104923.v1/t17
pb_p,p + p̄,Pb-Pb,5.02,0–5%,RAA,3.5,3.4,3.6,0.62251,0.015542,0.015542,0.037111,0.037111,31,10.17182/hepdata.104923.v1/t17
pb_p,p + p̄,Pb-Pb,5.02,0–5%,RAA,3.7,3.6,3.8,0.57329,0.01647,0.01647,0.038861,0.038861,32,10.17182/hepdata.104923.v1/t17
pb_p,p + p̄,Pb-Pb,5.02,0–5%,RAA,3.9,3.8,4.0,0.56287,0.016835,0.016835,0.037617,0.037617,33,10.17182/hepdata.104923.v1/t17
pb_p,p + p̄,Pb-Pb,5.02,0–5%,RAA,4.25,4.0,4.5,0.48671,0.019712,0.019712,0.036108,0.036108,34,10.17182/hepdata.104923.v1/t17
pb_p,p + p̄,Pb-Pb,5.02,0–5%,RAA,4.75,4.5,5.0,0.403,0.021547,0.021547,0.036132,0.036132,35,10.17182/hepdata.104923.v1/t17
pb_p,p + p̄,Pb-Pb,5.02,0–5%,RAA,5.25,5.0,5.5,0.32364,0.019045,0.019045,0.031135,0.031135,36,10.17182/hepdata.104923.v1/t17
pb_p,p + p̄,Pb-Pb,5.02,0–5%,RAA,5.75,5.5,6.0,0.26701,0.01853,0.01853,0.027029,0.027029,37,10.17182/hepdata.104923.v1/t17
pb_p,p + p̄,Pb-Pb,5.02,0–5%,RAA,6.5,6.0,7.0,0.21235,0.0054651,0.0054651,0.022061,0.022061,38,10.17182/hepdata.104923.v1/t17
pb_p,p + p̄,Pb-Pb,5.02,0–5%,RAA,7.5,7.0,8.0,0.1689,0.0069944,0.0069944,0.024338,0.024338,39,10.17182/hepdata.104923.v1/t17
pb_p,p + p̄,Pb-Pb,5.02,0–5%,RAA,9.0,8.0,10.0,0.1583,0.0074353,0.0074353,0.017613,0.017613,40,10.17182/hepdata.104923.v1/t17
pb_p,p + p̄,Pb-Pb,5.02,0–5%,RAA,11.0,10.0,12.0,0.1415,0.011334,0.011334,0.015714,0.015714,41,10.17182/hepdata.104923.v1/t17
pb_p,p + p̄,Pb-Pb,5.02,0–5%,RAA,13.5,12.0,15.0,0.21338,0.02651,0.02651,0.019566,0.019566,42,10.17182/hepdata.104923.v1/t17
pb_p,p + p̄,Pb-Pb,5.02,0–5%,RAA,17.5,15.0,20.0,0.1763,0.0303,0.0303,0.016155,0.016155,43,10.17182/hepdata.104923.v1/t17
pb_kstar,K*⁰ + K̄*⁰,Pb-Pb,5.02,0–10%,RAA,0.6000000000000001,0.4,0.8,0.0768747,0.0285782,0.0285782,0.00975543,0.00975543,0,10.17182/hepdata.140098.v1/t1
pb_kstar,K*⁰ + K̄*⁰,Pb-Pb,5.02,0–10%,RAA,1.0,0.8,1.2,0.116825,0.0181284,0.0181284,0.0157479,0.0157479,1,10.17182/hepdata.140098.v1/t1
pb_kstar,K*⁰ + K̄*⁰,Pb-Pb,5.02,0–10%,RAA,1.4,1.2,1.6,0.189744,0.0245022,0.0245022,0.0256471,0.0256471,2,10.17182/hepdata.140098.v1/t1
pb_kstar,K*⁰ + K̄*⁰,Pb-Pb,5.02,0–10%,RAA,1.8,1.6,2.0,0.30302,0.0275173,0.0275173,0.0448599,0.0448599,3,10.17182/hepdata.140098.v1/t1
pb_kstar,K*⁰ + K̄*⁰,Pb-Pb,5.02,0–10%,RAA,2.25,2.0,2.5,0.391118,0.0234684,0.0234684,0.0612873,0.0612873,4,10.17182/hepdata.140098.v1/t1
pb_kstar,K*⁰ + K̄*⁰,Pb-Pb,5.02,0–10%,RAA,2.75,2.5,3.0,0.373611,0.0281835,0.0281835,0.0555246,0.0555246,5,10.17182/hepdata.140098.v1/t1
pb_kstar,K*⁰ + K̄*⁰,Pb-Pb,5.02,0–10%,RAA,3.25,3.0,3.5,0.357447,0.0295227,0.0295227,0.0462732,0.0462732,6,10.17182/hepdata.140098.v1/t1
pb_kstar,K*⁰ + K̄*⁰,Pb-Pb,5.02,0–10%,RAA,3.75,3.5,4.0,0.285326,0.0337134,0.0337134,0.0391363,0.0391363,7,10.17182/hepdata.140098.v1/t1
pb_kstar,K*⁰ + K̄*⁰,Pb-Pb,5.02,0–10%,RAA,4.5,4.0,5.0,0.205875,0.0256956,0.0256956,0.0309185,0.0309185,8,10.17182/hepdata.140098.v1/t1
pb_kstar,K*⁰ + K̄*⁰,Pb-Pb,5.02,0–10%,RAA,5.5,5.0,6.0,0.116855,0.0240457,0.0240457,0.017433,0.017433,9,10.17182/hepdata.140098.v1/t1
pb_kstar,K*⁰ + K̄*⁰,Pb-Pb,5.02,0–10%,RAA,7.0,6.0,8.0,0.136157,0.0199901,0.0199901,0.0195149,0.0195149,10,10.17182/hepdata.140098.v1/t1
pb_kstar,K*⁰ + K̄*⁰,Pb-Pb,5.02,0–10%,RAA,9.0,8.0,10.0,0.128211,0.0334163,0.0334163,0.016395,0.016395,11,10.17182/hepdata.140098.v1/t1
pb_kstar,K*⁰ + K̄*⁰,Pb-Pb,5.02,0–10%,RAA,11.0,10.0,12.0,0.172036,0.0480323,0.0480323,0.0218109,0.0218109,12,10.17182/hepdata.140098.v1/t1
pb_kstar,K*⁰ + K̄*⁰,Pb-Pb,5.02,0–10%,RAA,14.0,12.0,16.0,0.165733,0.0544462,0.0544462,0.0239987,0.0239987,13,10.17182/hepdata.140098.v1/t1
pb_kstar,K*⁰ + K̄*⁰,Pb-Pb,5.02,0–10%,RAA,18.0,16.0,20.0,0.261037,0.105824,0.105824,0.0420565,0.0420565,14,10.17182/hepdata.140098.v1/t1
pb_phi,φ,Pb-Pb,5.02,0–10%,RAA,0.5,0.4,0.6,0.154225,0.0166169,0.0166169,0.0190755,0.0190755,0,10.17182/hepdata.140098.v1/t12
pb_phi,φ,Pb-Pb,5.02,0–10%,RAA,0.7,0.6,0.8,0.205358,0.0079685,0.0079685,0.02114,0.02114,1,10.17182/hepdata.140098.v1/t12
pb_phi,φ,Pb-Pb,5.02,0–10%,RAA,0.9,0.8,1.0,0.274631,0.00692752,0.00692752,0.0248967,0.0248967,2,10.17182/hepdata.140098.v1/t12
pb_phi,φ,Pb-Pb,5.02,0–10%,RAA,1.1,1.0,1.2,0.335528,0.00800782,0.00800782,0.0274435,0.0274435,3,10.17182/hepdata.140098.v1/t12
pb_phi,φ,Pb-Pb,5.02,0–10%,RAA,1.2999999999999998,1.2,1.4,0.444142,0.010856,0.010856,0.0405595,0.0405595,4,10.17182/hepdata.140098.v1/t12
pb_phi,φ,Pb-Pb,5.02,0–10%,RAA,1.5,1.4,1.6,0.502231,0.014596,0.014596,0.0467505,0.0467505,5,10.17182/hepdata.140098.v1/t12
pb_phi,φ,Pb-Pb,5.02,0–10%,RAA,1.7000000000000002,1.6,1.8,0.535651,0.0181566,0.0181566,0.0533176,0.0533176,6,10.17182/hepdata.140098.v1/t12
pb_phi,φ,Pb-Pb,5.02,0–10%,RAA,1.9,1.8,2.0,0.564046,0.0197863,0.0197863,0.0616938,0.0616938,7,10.17182/hepdata.140098.v1/t12
pb_phi,φ,Pb-Pb,5.02,0–10%,RAA,2.1,2.0,2.2,0.630171,0.0198998,0.0198998,0.0613528,0.0613528,8,10.17182/hepdata.140098.v1/t12
pb_phi,φ,Pb-Pb,5.02,0–10%,RAA,2.3,2.2,2.4,0.607753,0.0210103,0.0210103,0.0642388,0.0642388,9,10.17182/hepdata.140098.v1/t12
pb_phi,φ,Pb-Pb,5.02,0–10%,RAA,2.5,2.4,2.6,0.564973,0.0211092,0.0211092,0.0577189,0.0577189,10,10.17182/hepdata.140098.v1/t12
pb_phi,φ,Pb-Pb,5.02,0–10%,RAA,2.7,2.6,2.8,0.530054,0.0205412,0.0205412,0.0494741,0.0494741,11,10.17182/hepdata.140098.v1/t12
pb_phi,φ,Pb-Pb,5.02,0–10%,RAA,2.9,2.8,3.0,0.449792,0.019582,0.019582,0.0458565,0.0458565,12,10.17182/hepdata.140098.v1/t12
pb_phi,φ,Pb-Pb,5.02,0–10%,RAA,3.25,3.0,3.5,0.472672,0.0140949,0.0140949,0.0444161,0.0444161,13,10.17182/hepdata.140098.v1/t12
pb_phi,φ,Pb-Pb,5.02,0–10%,RAA,3.75,3.5,4.0,0.380521,0.0143774,0.0143774,0.0366341,0.0366341,14,10.17182/hepdata.140098.v1/t12
pb_phi,φ,Pb-Pb,5.02,0–10%,RAA,4.25,4.0,4.5,0.314223,0.0157403,0.0157403,0.0333398,0.0333398,15,10.17182/hepdata.140098.v1/t12
pb_phi,φ,Pb-Pb,5.02,0–10%,RAA,4.75,4.5,5.0,0.235015,0.0149393,0.0149393,0.0261278,0.0261278,16,10.17182/hepdata.140098.v1/t12
pb_phi,φ,Pb-Pb,5.02,0–10%,RAA,5.5,5.0,6.0,0.195785,0.0113179,0.0113179,0.0225087,0.0225087,17,10.17182/hepdata.140098.v1/t12
pb_phi,φ,Pb-Pb,5.02,0–10%,RAA,6.5,6.0,7.0,0.158614,0.00984125,0.00984125,0.0188105,0.0188105,18,10.17182/hepdata.140098.v1/t12
pb_phi,φ,Pb-Pb,5.02,0–10%,RAA,7.5,7.0,8.0,0.141477,0.00908572,0.00908572,0.0145389,0.0145389,19,10.17182/hepdata.140098.v1/t12
pb_phi,φ,Pb-Pb,5.02,0–10%,RAA,9.0,8.0,10.0,0.147723,0.00741528,0.00741528,0.0133954,0.0133954,20,10.17182/hepdata.140098.v1/t12
pb_phi,φ,Pb-Pb,5.02,0–10%,RAA,11.5,10.0,13.0,0.183724,0.0133365,0.0133365,0.0181511,0.0181511,21,10.17182/hepdata.140098.v1/t12
pb_phi,φ,Pb-Pb,5.02,0–10%,RAA,14.5,13.0,16.0,0.267059,0.0394607,0.0394607,0.0278134,0.0278134,22,10.17182/hepdata.140098.v1/t12
pb_phi,φ,Pb-Pb,5.02,0–10%,RAA,18.0,16.0,20.0,0.32812,0.116887,0.116887,0.0372886,0.0372886,23,10.17182/hepdata.140098.v1/t12
pb_kstarpm,K*±,Pb-Pb,5.02,0–10%,RAA,0.6000000000000001,0.4,0.8,0.0691157,0.0175784,0.0175784,0.00833186,0.00833186,0,10.17182/hepdata.150017.v1/t13
pb_kstarpm,K*±,Pb-Pb,5.02,0–10%,RAA,1.0,0.8,1.2,0.113422,0.0184764,0.0184764,0.011945,0.011945,1,10.17182/hepdata.150017.v1/t13
pb_kstarpm,K*±,Pb-Pb,5.02,0–10%,RAA,1.4,1.2,1.6,0.172859,0.0157851,0.0157851,0.0162557,0.0162557,2,10.17182/hepdata.150017.v1/t13
pb_kstarpm,K*±,Pb-Pb,5.02,0–10%,RAA,1.8,1.6,2.0,0.286711,0.0159439,0.0159439,0.0287007,0.0287007,3,10.17182/hepdata.150017.v1/t13
pb_kstarpm,K*±,Pb-Pb,5.02,0–10%,RAA,2.25,2.0,2.5,0.345071,0.0151459,0.0151459,0.0302565,0.0302565,4,10.17182/hepdata.150017.v1/t13
pb_kstarpm,K*±,Pb-Pb,5.02,0–10%,RAA,2.75,2.5,3.0,0.349028,0.0159931,0.0159931,0.0319008,0.0319008,5,10.17182/hepdata.150017.v1/t13
pb_kstarpm,K*±,Pb-Pb,5.02,0–10%,RAA,3.25,3.0,3.5,0.302074,0.0166416,0.0166416,0.0275263,0.0275263,6,10.17182/hepdata.150017.v1/t13
pb_kstarpm,K*±,Pb-Pb,5.02,0–10%,RAA,3.75,3.5,4.0,0.274168,0.0186711,0.0186711,0.0246134,0.0246134,7,10.17182/hepdata.150017.v1/t13
pb_kstarpm,K*±,Pb-Pb,5.02,0–10%,RAA,4.5,4.0,5.0,0.192562,0.0141165,0.0141165,0.0170274,0.0170274,8,10.17182/hepdata.150017.v1/t13
pb_kstarpm,K*±,Pb-Pb,5.02,0–10%,RAA,5.5,5.0,6.0,0.107455,0.0153093,0.0153093,0.0117625,0.0117625,9,10.17182/hepdata.150017.v1/t13
pb_kstarpm,K*±,Pb-Pb,5.02,0–10%,RAA,7.0,6.0,8.0,0.145592,0.0161855,0.0161855,0.0194856,0.0194856,10,10.17182/hepdata.150017.v1/t13
pb_kstarpm,K*±,Pb-Pb,5.02,0–10%,RAA,9.0,8.0,10.0,0.153013,0.0253184,0.0253184,0.022318,0.022318,11,10.17182/hepdata.150017.v1/t13
pb_kstarpm,K*±,Pb-Pb,5.02,0–10%,RAA,11.0,10.0,12.0,0.156166,0.0334938,0.0334938,0.0262494,0.0262494,12,10.17182/hepdata.150017.v1/t13
pb_kstarpm,K*±,Pb-Pb,5.02,0–10%,RAA,14.0,12.0,16.0,0.361761,0.133272,0.133272,0.0788275,0.0788275,13,10.17182/hepdata.150017.v1/t13
pb_d0,Prompt D⁰,Pb-Pb,5.02,0–10%,RAA,0.5,0.0,1.0,0.656009,0.16724,0.16724,0.0943014,0.0943067,0,10.17182/hepdata.127979.v1/t11
pb_d0,Prompt D⁰,Pb-Pb,5.02,0–10%,RAA,1.25,1.0,1.5,0.702875,0.143037,0.143037,0.142907,0.140585,1,10.17182/hepdata.127979.v1/t11
pb_d0,Prompt D⁰,Pb-Pb,5.02,0–10%,RAA,1.75,1.5,2.0,0.864457,0.0787131,0.0787131,0.140966,0.141067,2,10.17182/hepdata.127979.v1/t11
pb_d0,Prompt D⁰,Pb-Pb,5.02,0–10%,RAA,2.25,2.0,2.5,0.869896,0.0572938,0.0572938,0.123662,0.123669,3,10.17182/hepdata.127979.v1/t11
pb_d0,Prompt D⁰,Pb-Pb,5.02,0–10%,RAA,2.75,2.5,3.0,0.77264,0.0401752,0.0401752,0.106439,0.106816,4,10.17182/hepdata.127979.v1/t11
pb_d0,Prompt D⁰,Pb-Pb,5.02,0–10%,RAA,3.25,3.0,3.5,0.606241,0.0274534,0.0274534,0.0916582,0.0936651,5,10.17182/hepdata.127979.v1/t11
pb_d0,Prompt D⁰,Pb-Pb,5.02,0–10%,RAA,3.75,3.5,4.0,0.488745,0.0225966,0.0225966,0.0749564,0.0769398,6,10.17182/hepdata.127979.v1/t11
pb_d0,Prompt D⁰,Pb-Pb,5.02,0–10%,RAA,4.25,4.0,4.5,0.40096,0.0198565,0.0198565,0.0633155,0.0657095,7,10.17182/hepdata.127979.v1/t11
pb_d0,Prompt D⁰,Pb-Pb,5.02,0–10%,RAA,4.75,4.5,5.0,0.324256,0.0170598,0.0170598,0.0516781,0.0536363,8,10.17182/hepdata.127979.v1/t11
pb_d0,Prompt D⁰,Pb-Pb,5.02,0–10%,RAA,5.25,5.0,5.5,0.249815,0.0137593,0.0137593,0.0361233,0.0375407,9,10.17182/hepdata.127979.v1/t11
pb_d0,Prompt D⁰,Pb-Pb,5.02,0–10%,RAA,5.75,5.5,6.0,0.221483,0.012386,0.012386,0.0314786,0.0326828,10,10.17182/hepdata.127979.v1/t11
pb_d0,Prompt D⁰,Pb-Pb,5.02,0–10%,RAA,6.25,6.0,6.5,0.214925,0.014466,0.014466,0.0316087,0.0332369,11,10.17182/hepdata.127979.v1/t11
pb_d0,Prompt D⁰,Pb-Pb,5.02,0–10%,RAA,6.75,6.5,7.0,0.189655,0.013957,0.013957,0.0273716,0.0286502,12,10.17182/hepdata.127979.v1/t11
pb_d0,Prompt D⁰,Pb-Pb,5.02,0–10%,RAA,7.25,7.0,7.5,0.201914,0.0164184,0.0164184,0.029084,0.030921,13,10.17182/hepdata.127979.v1/t11
pb_d0,Prompt D⁰,Pb-Pb,5.02,0–10%,RAA,7.75,7.5,8.0,0.184896,0.0164081,0.0164081,0.0264758,0.0279279,14,10.17182/hepdata.127979.v1/t11
pb_d0,Prompt D⁰,Pb-Pb,5.02,0–10%,RAA,8.5,8.0,9.0,0.202784,0.0148051,0.0148051,0.0269136,0.0286052,15,10.17182/hepdata.127979.v1/t11
pb_d0,Prompt D⁰,Pb-Pb,5.02,0–10%,RAA,9.5,9.0,10.0,0.182579,0.0149905,0.0149905,0.0238208,0.0247828,16,10.17182/hepdata.127979.v1/t11
pb_d0,Prompt D⁰,Pb-Pb,5.02,0–10%,RAA,11.0,10.0,12.0,0.18665,0.014484,0.014484,0.0236108,0.0248657,17,10.17182/hepdata.127979.v1/t11
pb_d0,Prompt D⁰,Pb-Pb,5.02,0–10%,RAA,14.0,12.0,16.0,0.228422,0.022755,0.022755,0.032393,0.0347962,18,10.17182/hepdata.127979.v1/t11
pb_d0,Prompt D⁰,Pb-Pb,5.02,0–10%,RAA,20.0,16.0,24.0,0.237999,0.0301473,0.0301473,0.0311572,0.0332379,19,10.17182/hepdata.127979.v1/t11
pb_d0,Prompt D⁰,Pb-Pb,5.02,0–10%,RAA,30.0,24.0,36.0,0.299955,0.0741081,0.0741081,0.0410042,0.0411673,20,10.17182/hepdata.127979.v1/t11
pb_d0,Prompt D⁰,Pb-Pb,5.02,0–10%,RAA,43.0,36.0,50.0,0.298123,0.0557612,0.0557612,0.126477,0.102522,21,10.17182/hepdata.127979.v1/t11
pb_dplus,Prompt D⁺,Pb-Pb,5.02,0–10%,RAA,2.25,2.0,2.5,0.766813,0.131926,0.131926,0.137547,0.137605,0,10.17182/hepdata.127979.v1/t12
pb_dplus,Prompt D⁺,Pb-Pb,5.02,0–10%,RAA,2.75,2.5,3.0,0.589735,0.0612333,0.0612333,0.0912604,0.0912795,1,10.17182/hepdata.127979.v1/t12
pb_dplus,Prompt D⁺,Pb-Pb,5.02,0–10%,RAA,3.25,3.0,3.5,0.624759,0.0433443,0.0433443,0.106046,0.106262,2,10.17182/hepdata.127979.v1/t12
pb_dplus,Prompt D⁺,Pb-Pb,5.02,0–10%,RAA,3.75,3.5,4.0,0.444984,0.0311045,0.0311045,0.0758498,0.0759959,3,10.17182/hepdata.127979.v1/t12
pb_dplus,Prompt D⁺,Pb-Pb,5.02,0–10%,RAA,4.25,4.0,4.5,0.405235,0.0269302,0.0269302,0.0737548,0.073922,4,10.17182/hepdata.127979.v1/t12
pb_dplus,Prompt D⁺,Pb-Pb,5.02,0–10%,RAA,4.75,4.5,5.0,0.288175,0.022724,0.022724,0.0525563,0.0527002,5,10.17182/hepdata.127979.v1/t12
pb_dplus,Prompt D⁺,Pb-Pb,5.02,0–10%,RAA,5.25,5.0,5.5,0.226794,0.0202403,0.0202403,0.0425015,0.0425525,6,10.17182/hepdata.127979.v1/t12
pb_dplus,Prompt D⁺,Pb-Pb,5.02,0–10%,RAA,5.75,5.5,6.0,0.287138,0.0202962,0.0202962,0.0542652,0.0543322,7,10.17182/hepdata.127979.v1/t12
pb_dplus,Prompt D⁺,Pb-Pb,5.02,0–10%,RAA,6.25,6.0,6.5,0.229158,0.0179683,0.0179683,0.0438498,0.0439752,8,10.17182/hepdata.127979.v1/t12
pb_dplus,Prompt D⁺,Pb-Pb,5.02,0–10%,RAA,6.75,6.5,7.0,0.208608,0.0147843,0.0147843,0.0402848,0.0404096,9,10.17182/hepdata.127979.v1/t12
pb_dplus,Prompt D⁺,Pb-Pb,5.02,0–10%,RAA,7.25,7.0,7.5,0.20966,0.0170845,0.0170845,0.0406393,0.0407545,10,10.17182/hepdata.127979.v1/t12
pb_dplus,Prompt D⁺,Pb-Pb,5.02,0–10%,RAA,7.75,7.5,8.0,0.207448,0.0175846,0.0175846,0.040721,0.0410832,11,10.17182/hepdata.127979.v1/t12
pb_dplus,Prompt D⁺,Pb-Pb,5.02,0–10%,RAA,8.5,8.0,9.0,0.234932,0.0144165,0.0144165,0.0433803,0.0437507,12,10.17182/hepdata.127979.v1/t12
pb_dplus,Prompt D⁺,Pb-Pb,5.02,0–10%,RAA,9.5,9.0,10.0,0.193294,0.0126313,0.0126313,0.0342501,0.0344443,13,10.17182/hepdata.127979.v1/t12
pb_dplus,Prompt D⁺,Pb-Pb,5.02,0–10%,RAA,11.0,10.0,12.0,0.199558,0.011839,0.011839,0.0345279,0.0347736,14,10.17182/hepdata.127979.v1/t12
pb_dplus,Prompt D⁺,Pb-Pb,5.02,0–10%,RAA,14.0,12.0,16.0,0.221058,0.0141213,0.0141213,0.0366701,0.0371041,15,10.17182/hepdata.127979.v1/t12
pb_dplus,Prompt D⁺,Pb-Pb,5.02,0–10%,RAA,20.0,16.0,24.0,0.330569,0.0365926,0.0365926,0.0521814,0.0534148,16,10.17182/hepdata.127979.v1/t12
pb_dplus,Prompt D⁺,Pb-Pb,5.02,0–10%,RAA,30.0,24.0,36.0,0.252579,0.0504206,0.0504206,0.046054,0.046066,17,10.17182/hepdata.127979.v1/t12
pb_dplus,Prompt D⁺,Pb-Pb,5.02,0–10%,RAA,43.0,36.0,50.0,0.376246,0.0535901,0.0535901,0.162786,0.130944,18,10.17182/hepdata.127979.v1/t12
pb_dstar,Prompt D*⁺,Pb-Pb,5.02,0–10%,RAA,3.25,3.0,3.5,0.700966,0.134435,0.134435,0.155058,0.155918,0,10.17182/hepdata.127979.v1/t13
pb_dstar,Prompt D*⁺,Pb-Pb,5.02,0–10%,RAA,3.75,3.5,4.0,0.436172,0.066284,0.066284,0.084616,0.085437,1,10.17182/hepdata.127979.v1/t13
pb_dstar,Prompt D*⁺,Pb-Pb,5.02,0–10%,RAA,4.25,4.0,4.5,0.42937,0.0604712,0.0604712,0.0766587,0.0769113,2,10.17182/hepdata.127979.v1/t13
pb_dstar,Prompt D*⁺,Pb-Pb,5.02,0–10%,RAA,4.75,4.5,5.0,0.430238,0.047241,0.047241,0.0788598,0.0792942,3,10.17182/hepdata.127979.v1/t13
pb_dstar,Prompt D*⁺,Pb-Pb,5.02,0–10%,RAA,5.25,5.0,5.5,0.374676,0.0470088,0.0470088,0.0699307,0.0695554,4,10.17182/hepdata.127979.v1/t13
pb_dstar,Prompt D*⁺,Pb-Pb,5.02,0–10%,RAA,5.75,5.5,6.0,0.240688,0.028065,0.028065,0.0440213,0.0442515,5,10.17182/hepdata.127979.v1/t13
pb_dstar,Prompt D*⁺,Pb-Pb,5.02,0–10%,RAA,6.25,6.0,6.5,0.244834,0.0266715,0.0266715,0.0437626,0.0437149,6,10.17182/hepdata.127979.v1/t13
pb_dstar,Prompt D*⁺,Pb-Pb,5.02,0–10%,RAA,6.75,6.5,7.0,0.250492,0.0293231,0.0293231,0.0466174,0.0470514,7,10.17182/hepdata.127979.v1/t13
pb_dstar,Prompt D*⁺,Pb-Pb,5.02,0–10%,RAA,7.25,7.0,7.5,0.24143,0.0300737,0.0300737,0.0394057,0.0399858,8,10.17182/hepdata.127979.v1/t13
pb_dstar,Prompt D*⁺,Pb-Pb,5.02,0–10%,RAA,7.75,7.5,8.0,0.19893,0.0251129,0.0251129,0.0308956,0.0309173,9,10.17182/hepdata.127979.v1/t13
pb_dstar,Prompt D*⁺,Pb-Pb,5.02,0–10%,RAA,8.5,8.0,9.0,0.19853,0.0223293,0.0223293,0.0293321,0.0300156,10,10.17182/hepdata.127979.v1/t13
pb_dstar,Prompt D*⁺,Pb-Pb,5.02,0–10%,RAA,9.5,9.0,10.0,0.213582,0.0233023,0.0233023,0.0316067,0.0326329,11,10.17182/hepdata.127979.v1/t13
pb_dstar,Prompt D*⁺,Pb-Pb,5.02,0–10%,RAA,11.0,10.0,12.0,0.236255,0.0231093,0.0231093,0.0371476,0.0394973,12,10.17182/hepdata.127979.v1/t13
pb_dstar,Prompt D*⁺,Pb-Pb,5.02,0–10%,RAA,14.0,12.0,16.0,0.227736,0.0227843,0.0227843,0.0351241,0.0375197,13,10.17182/hepdata.127979.v1/t13
pb_dstar,Prompt D*⁺,Pb-Pb,5.02,0–10%,RAA,20.0,16.0,24.0,0.294982,0.0452488,0.0452488,0.0441057,0.0497877,14,10.17182/hepdata.127979.v1/t13
pb_dstar,Prompt D*⁺,Pb-Pb,5.02,0–10%,RAA,30.0,24.0,36.0,0.240062,0.0507899,0.0507899,0.0237446,0.0237306,15,10.17182/hepdata.127979.v1/t13
pb_dstar,Prompt D*⁺,Pb-Pb,5.02,0–10%,RAA,43.0,36.0,50.0,0.450126,0.0560495,0.0560495,0.182602,0.168804,16,10.17182/hepdata.127979.v1/t13
pb_davg,Prompt D average,Pb-Pb,5.02,0–10%,RAA,0.5,0.0,1.0,0.656009,0.16724,0.16724,0.0943014,0.0943067,0,10.17182/hepdata.127979.v1/t17
pb_davg,Prompt D average,Pb-Pb,5.02,0–10%,RAA,1.25,1.0,1.5,0.702875,0.143037,0.143037,0.142907,0.140585,1,10.17182/hepdata.127979.v1/t17
pb_davg,Prompt D average,Pb-Pb,5.02,0–10%,RAA,1.75,1.5,2.0,0.864457,0.0787131,0.0787131,0.140966,0.141067,2,10.17182/hepdata.127979.v1/t17
pb_davg,Prompt D average,Pb-Pb,5.02,0–10%,RAA,2.25,2.0,2.5,0.850395,0.0527348,0.0527348,0.117634,0.11768,3,10.17182/hepdata.127979.v1/t17
pb_davg,Prompt D average,Pb-Pb,5.02,0–10%,RAA,2.75,2.5,3.0,0.71099,0.0336948,0.0336948,0.0946758,0.0949055,4,10.17182/hepdata.127979.v1/t17
pb_davg,Prompt D average,Pb-Pb,5.02,0–10%,RAA,3.25,3.0,3.5,0.61776,0.023382,0.023382,0.0921184,0.0933385,5,10.17182/hepdata.127979.v1/t17
pb_davg,Prompt D average,Pb-Pb,5.02,0–10%,RAA,3.75,3.5,4.0,0.469811,0.0176986,0.0176986,0.0707697,0.071935,6,10.17182/hepdata.127979.v1/t17
pb_davg,Prompt D average,Pb-Pb,5.02,0–10%,RAA,4.25,4.0,4.5,0.405273,0.0157383,0.0157383,0.0636503,0.0649853,7,10.17182/hepdata.127979.v1/t17
pb_davg,Prompt D average,Pb-Pb,5.02,0–10%,RAA,4.75,4.5,5.0,0.333817,0.0140181,0.0140181,0.0534688,0.0546194,8,10.17182/hepdata.127979.v1/t17
pb_davg,Prompt D average,Pb-Pb,5.02,0–10%,RAA,5.25,5.0,5.5,0.264702,0.0122287,0.0122287,0.0408031,0.0415835,9,10.17182/hepdata.127979.v1/t17
pb_davg,Prompt D average,Pb-Pb,5.02,0–10%,RAA,5.75,5.5,6.0,0.242866,0.0100591,0.0100591,0.0377067,0.0383527,10,10.17182/hepdata.127979.v1/t17
pb_davg,Prompt D average,Pb-Pb,5.02,0–10%,RAA,6.25,6.0,6.5,0.225425,0.0105593,0.0105593,0.0355833,0.0363387,11,10.17182/hepdata.127979.v1/t17
pb_davg,Prompt D average,Pb-Pb,5.02,0–10%,RAA,6.75,6.5,7.0,0.208301,0.0101102,0.0101102,0.0334656,0.0341407,12,10.17182/hepdata.127979.v1/t17
pb_davg,Prompt D average,Pb-Pb,5.02,0–10%,RAA,7.25,7.0,7.5,0.213045,0.0114184,0.0114184,0.0328264,0.0337481,13,10.17182/hepdata.127979.v1/t17
pb_davg,Prompt D average,Pb-Pb,5.02,0–10%,RAA,7.75,7.5,8.0,0.195674,0.0109141,0.0109141,0.0303585,0.0311064,14,10.17182/hepdata.127979.v1/t17
pb_davg,Prompt D average,Pb-Pb,5.02,0–10%,RAA,8.5,8.0,9.0,0.214345,0.00940627,0.00940627,0.0320286,0.032955,15,10.17182/hepdata.127979.v1/t17
pb_davg,Prompt D average,Pb-Pb,5.02,0–10%,RAA,9.5,9.0,10.0,0.193829,0.00906738,0.00906738,0.0285465,0.0291291,16,10.17182/hepdata.127979.v1/t17
pb_davg,Prompt D average,Pb-Pb,5.02,0–10%,RAA,11.0,10.0,12.0,0.203484,0.00885553,0.00885553,0.0294715,0.0304524,17,10.17182/hepdata.127979.v1/t17
pb_davg,Prompt D average,Pb-Pb,5.02,0–10%,RAA,14.0,12.0,16.0,0.22465,0.0107647,0.0107647,0.0326755,0.0340315,18,10.17182/hepdata.127979.v1/t17
pb_davg,Prompt D average,Pb-Pb,5.02,0–10%,RAA,20.0,16.0,24.0,0.292141,0.0216594,0.0216594,0.040124,0.0426583,19,10.17182/hepdata.127979.v1/t17
pb_davg,Prompt D average,Pb-Pb,5.02,0–10%,RAA,30.0,24.0,36.0,0.260075,0.0326862,0.0326862,0.0299797,0.0300084,20,10.17182/hepdata.127979.v1/t17
pb_davg,Prompt D average,Pb-Pb,5.02,0–10%,RAA,43.0,36.0,50.0,0.395608,0.0336342,0.0336342,0.10702,0.0952894,21,10.17182/hepdata.127979.v1/t17
pb_ds,Prompt Dₛ⁺,Pb-Pb,5.02,0–10%,RAA,2.5,2.0,3.0,0.8854,0.16113,0.16113,0.22238,0.18398,0,10.17182/hepdata.127980.v2/t3
pb_ds,Prompt Dₛ⁺,Pb-Pb,5.02,0–10%,RAA,3.5,3.0,4.0,0.68691,0.087529,0.087529,0.16619,0.13111,1,10.17182/hepdata.127980.v2/t3
pb_ds,Prompt Dₛ⁺,Pb-Pb,5.02,0–10%,RAA,4.5,4.0,5.0,0.58118,0.067545,0.067545,0.15006,0.11446,2,10.17182/hepdata.127980.v2/t3
pb_ds,Prompt Dₛ⁺,Pb-Pb,5.02,0–10%,RAA,5.5,5.0,6.0,0.43519,0.054736,0.054736,0.11873,0.086693,3,10.17182/hepdata.127980.v2/t3
pb_ds,Prompt Dₛ⁺,Pb-Pb,5.02,0–10%,RAA,7.0,6.0,8.0,0.29014,0.032055,0.032055,0.078245,0.056748,4,10.17182/hepdata.127980.v2/t3
pb_ds,Prompt Dₛ⁺,Pb-Pb,5.02,0–10%,RAA,10.0,8.0,12.0,0.2295,0.025438,0.025438,0.062363,0.044704,5,10.17182/hepdata.127980.v2/t3
pb_ds,Prompt Dₛ⁺,Pb-Pb,5.02,0–10%,RAA,14.0,12.0,16.0,0.21481,0.037373,0.037373,0.050862,0.038159,6,10.17182/hepdata.127980.v2/t3
pb_ds,Prompt Dₛ⁺,Pb-Pb,5.02,0–10%,RAA,20.0,16.0,24.0,0.228,0.058085,0.058085,0.060405,0.047526,7,10.17182/hepdata.127980.v2/t3
pb_ds,Prompt Dₛ⁺,Pb-Pb,5.02,0–10%,RAA,30.0,24.0,36.0,0.38765,0.056549,0.056549,0.19095,0.14199,8,10.17182/hepdata.127980.v2/t3
pb_ds,Prompt Dₛ⁺,Pb-Pb,5.02,0–10%,RAA,43.0,36.0,50.0,0.46271,0.16336,0.16336,0.22939,0.17009,9,10.17182/hepdata.127980.v2/t3
pb_lc,Prompt Λc⁺,Pb-Pb,5.02,0–10%,RAA,1.5,1.0,2.0,0.63832,0.19452,0.19452,0.1362,0.13663,0,10.17182/hepdata.138404.v2/t3
pb_lc,Prompt Λc⁺,Pb-Pb,5.02,0–10%,RAA,3.0,2.0,4.0,0.74876,0.15217,0.15217,0.16285,0.16454,1,10.17182/hepdata.138404.v2/t3
pb_lc,Prompt Λc⁺,Pb-Pb,5.02,0–10%,RAA,5.0,4.0,6.0,1.0187,0.1874,0.1874,0.20462,0.21252,2,10.17182/hepdata.138404.v2/t3
pb_lc,Prompt Λc⁺,Pb-Pb,5.02,0–10%,RAA,7.0,6.0,8.0,0.61562,0.14662,0.14662,0.12532,0.1336,3,10.17182/hepdata.138404.v2/t3
pb_lc,Prompt Λc⁺,Pb-Pb,5.02,0–10%,RAA,10.0,8.0,12.0,0.38502,0.11459,0.11459,0.079959,0.088206,4,10.17182/hepdata.138404.v2/t3
pb_lc,Prompt Λc⁺,Pb-Pb,5.02,0–10%,RAA,18.0,12.0,24.0,0.33949,0.13816,0.13816,0.096603,0.096593,5,10.17182/hepdata.138404.v2/t3
pb_b_d0,Nonprompt D⁰,Pb-Pb,5.02,0–10%,RAA,1.5,1.0,2.0,1.3917,0.36308,0.36308,0.31659,0.31659,0,10.17182/hepdata.135987.v1/t2
pb_b_d0,Nonprompt D⁰,Pb-Pb,5.02,0–10%,RAA,2.5,2.0,3.0,0.88416,0.16783,0.16783,0.15306,0.15306,1,10.17182/hepdata.135987.v1/t2
pb_b_d0,Nonprompt D⁰,Pb-Pb,5.02,0–10%,RAA,3.5,3.0,4.0,0.83308,0.12617,0.12617,0.1438,0.1438,2,10.17182/hepdata.135987.v1/t2
pb_b_d0,Nonprompt D⁰,Pb-Pb,5.02,0–10%,RAA,4.5,4.0,5.0,0.57676,0.081524,0.081524,0.092817,0.092817,3,10.17182/hepdata.135987.v1/t2
pb_b_d0,Nonprompt D⁰,Pb-Pb,5.02,0–10%,RAA,5.5,5.0,6.0,0.427365,0.076086,0.076086,0.0674,0.0674,4,10.17182/hepdata.135987.v1/t2
pb_b_d0,Nonprompt D⁰,Pb-Pb,5.02,0–10%,RAA,6.5,6.0,7.0,0.41753,0.080504,0.080504,0.06079,0.06079,5,10.17182/hepdata.135987.v1/t2
pb_b_d0,Nonprompt D⁰,Pb-Pb,5.02,0–10%,RAA,7.5,7.0,8.0,0.3598,0.076596,0.076596,0.056162,0.056162,6,10.17182/hepdata.135987.v1/t2
pb_b_d0,Nonprompt D⁰,Pb-Pb,5.02,0–10%,RAA,9.0,8.0,10.0,0.35328,0.073255,0.073255,0.053215,0.053215,7,10.17182/hepdata.135987.v1/t2
pb_b_d0,Nonprompt D⁰,Pb-Pb,5.02,0–10%,RAA,11.0,10.0,12.0,0.23125,0.05288,0.05288,0.034195,0.034195,8,10.17182/hepdata.135987.v1/t2
pb_b_d0,Nonprompt D⁰,Pb-Pb,5.02,0–10%,RAA,14.0,12.0,16.0,0.47223,0.19993,0.19993,0.081791,0.081791,9,10.17182/hepdata.135987.v1/t2
pb_b_d0,Nonprompt D⁰,Pb-Pb,5.02,0–10%,RAA,20.0,16.0,24.0,0.48159,0.35596,0.35596,0.088604,0.088604,10,10.17182/hepdata.135987.v1/t2
pb_b_d0,Nonprompt D⁰,Pb-Pb,5.02,0–10%,RAA,30.0,24.0,36.0,0.35721,0.12594,0.12594,0.12449,0.077261,11,10.17182/hepdata.135987.v1/t2
pb_b_e,Beauty → e,Pb-Pb,5.02,0–10%,RAA,2.25,2.0,2.5,0.5744783,0.03094558,0.03094558,0.2122894,0.2122894,0,10.17182/hepdata.144336.v1/t3
pb_b_e,Beauty → e,Pb-Pb,5.02,0–10%,RAA,2.75,2.5,3.0,0.5403095,0.03280318,0.03280318,0.1738682,0.1738682,1,10.17182/hepdata.144336.v1/t3
pb_b_e,Beauty → e,Pb-Pb,5.02,0–10%,RAA,3.5,3.0,4.0,0.5856089,0.03332876,0.03332876,0.1802407,0.1802407,2,10.17182/hepdata.144336.v1/t3
pb_b_e,Beauty → e,Pb-Pb,5.02,0–10%,RAA,4.5,4.0,5.0,0.4702987,0.04390099,0.04390099,0.1441823,0.1441823,3,10.17182/hepdata.144336.v1/t3
pb_b_e,Beauty → e,Pb-Pb,5.02,0–10%,RAA,5.5,5.0,6.0,0.3856807,0.05723884,0.05723884,0.1179722,0.1179722,4,10.17182/hepdata.144336.v1/t3
pb_b_e,Beauty → e,Pb-Pb,5.02,0–10%,RAA,7.0,6.0,8.0,0.417017,0.07228081,0.07228081,0.1242211,0.1242211,5,10.17182/hepdata.144336.v1/t3
pb_b_e,Beauty → e,Pb-Pb,5.02,0–10%,RAA,9.0,8.0,10.0,0.1882402,0.06563893,0.06563893,0.07068856,0.08866962,6,10.17182/hepdata.144336.v1/t3
pb_b_e,Beauty → e,Pb-Pb,5.02,0–10%,RAA,11.0,10.0,12.0,0.3297451,0.1248208,0.1248208,0.1217361,0.1486263,7,10.17182/hepdata.144336.v1/t3
pb_b_e,Beauty → e,Pb-Pb,5.02,0–10%,RAA,13.0,12.0,14.0,0.2263882,0.05108944,0.05108944,0.08258961,0.09858788,8,10.17182/hepdata.144336.v1/t3
pb_b_e,Beauty → e,Pb-Pb,5.02,0–10%,RAA,15.0,14.0,16.0,0.3786187,0.07305413,0.07305413,0.1369871,0.1605477,9,10.17182/hepdata.144336.v1/t3
pb_b_e,Beauty → e,Pb-Pb,5.02,0–10%,RAA,17.0,16.0,18.0,0.3267668,0.09685361,0.09685361,0.1175497,0.1356138,10,10.17182/hepdata.144336.v1/t3
pb_b_e,Beauty → e,Pb-Pb,5.02,0–10%,RAA,19.0,18.0,20.0,0.3629452,0.1213107,0.1213107,0.130045,0.1481703,11,10.17182/hepdata.144336.v1/t3
pb_b_e,Beauty → e,Pb-Pb,5.02,0–10%,RAA,23.0,20.0,26.0,0.1318182,0.0740315,0.0740315,0.04750538,0.0529271,12,10.17182/hepdata.144336.v1/t3
pb_prompt_jpsi,Prompt J/ψ,Pb-Pb,5.02,0–10%,RAA,2.25,1.5,3.0,1.238878,0.12125,0.12125,0.155453,0.155453,0,10.17182/hepdata.146723.v1/t7
pb_prompt_jpsi,Prompt J/ψ,Pb-Pb,5.02,0–10%,RAA,4.0,3.0,5.0,0.672608,0.07207,0.07207,0.082342,0.082342,1,10.17182/hepdata.146723.v1/t7
pb_prompt_jpsi,Prompt J/ψ,Pb-Pb,5.02,0–10%,RAA,6.0,5.0,7.0,0.285708,0.044756,0.044756,0.03398,0.03398,2,10.17182/hepdata.146723.v1/t7
pb_prompt_jpsi,Prompt J/ψ,Pb-Pb,5.02,0–10%,RAA,8.5,7.0,10.0,0.272706,0.05646,0.05646,0.038022,0.038022,3,10.17182/hepdata.146723.v1/t7
pb_b_jpsi,Nonprompt J/ψ,Pb-Pb,5.02,0–10%,RAA,2.25,1.5,3.0,0.770397,0.272845,0.272845,0.165317,0.165317,0,10.17182/hepdata.146723.v1/t11
pb_b_jpsi,Nonprompt J/ψ,Pb-Pb,5.02,0–10%,RAA,4.0,3.0,5.0,0.586767,0.106034,0.106034,0.089152,0.089152,1,10.17182/hepdata.146723.v1/t11
pb_b_jpsi,Nonprompt J/ψ,Pb-Pb,5.02,0–10%,RAA,6.0,5.0,7.0,0.446828,0.088291,0.088291,0.06164,0.06164,2,10.17182/hepdata.146723.v1/t11
pb_b_jpsi,Nonprompt J/ψ,Pb-Pb,5.02,0–10%,RAA,8.5,7.0,10.0,0.199181,0.050319,0.050319,0.030405,0.030405,3,10.17182/hepdata.146723.v1/t11
pb_jpsi,Inclusive J/ψ (mid-y),Pb-Pb,5.02,0–10%,RAA,0.575,0.15,1.0,1.0752,0.1697,0.1697,0.13201,0.13201,0,10.17182/hepdata.146644.v1/t7
pb_jpsi,Inclusive J/ψ (mid-y),Pb-Pb,5.02,0–10%,RAA,1.5,1.0,2.0,1.1504,0.12632,0.12632,0.15317,0.15317,1,10.17182/hepdata.146644.v1/t7
pb_jpsi,Inclusive J/ψ (mid-y),Pb-Pb,5.02,0–10%,RAA,2.5,2.0,3.0,1.0901,0.12865,0.12865,0.13917,0.13917,2,10.17182/hepdata.146644.v1/t7
pb_jpsi,Inclusive J/ψ (mid-y),Pb-Pb,5.02,0–10%,RAA,3.5,3.0,4.0,0.75131,0.097259,0.097259,0.094794,0.094794,3,10.17182/hepdata.146644.v1/t7
pb_jpsi,Inclusive J/ψ (mid-y),Pb-Pb,5.02,0–10%,RAA,4.5,4.0,5.0,0.5041,0.072678,0.072678,0.067037,0.067037,4,10.17182/hepdata.146644.v1/t7
pb_jpsi,Inclusive J/ψ (mid-y),Pb-Pb,5.02,0–10%,RAA,6.0,5.0,7.0,0.3136,0.045501,0.045501,0.03817,0.03817,5,10.17182/hepdata.146644.v1/t7
pb_jpsi,Inclusive J/ψ (mid-y),Pb-Pb,5.02,0–10%,RAA,8.5,7.0,10.0,0.24229,0.04884,0.04884,0.030227,0.030227,6,10.17182/hepdata.146644.v1/t7
pb_jpsi,Inclusive J/ψ (mid-y),Pb-Pb,5.02,0–10%,RAA,12.5,10.0,15.0,0.34003,0.071668,0.071668,0.061882,0.061882,7,10.17182/hepdata.146644.v1/t7
pb_jpsi_fwd,Inclusive J/ψ (forward),Pb-Pb,5.02,0–20%,RAA,0.65,0.3,1.0,0.699,0.0173,0.0173,0.0512,0.0512,0,10.17182/hepdata.146644.v1/t9
pb_jpsi_fwd,Inclusive J/ψ (forward),Pb-Pb,5.02,0–20%,RAA,1.5,1.0,2.0,0.673,0.0107,0.0107,0.0434,0.0434,1,10.17182/hepdata.146644.v1/t9
pb_jpsi_fwd,Inclusive J/ψ (forward),Pb-Pb,5.02,0–20%,RAA,2.5,2.0,3.0,0.63,0.00994,0.00994,0.0434,0.0434,2,10.17182/hepdata.146644.v1/t9
pb_jpsi_fwd,Inclusive J/ψ (forward),Pb-Pb,5.02,0–20%,RAA,3.5,3.0,4.0,0.498,0.0109,0.0109,0.0333,0.0333,3,10.17182/hepdata.146644.v1/t9
pb_jpsi_fwd,Inclusive J/ψ (forward),Pb-Pb,5.02,0–20%,RAA,4.5,4.0,5.0,0.392,0.00995,0.00995,0.0271,0.0271,4,10.17182/hepdata.146644.v1/t9
pb_jpsi_fwd,Inclusive J/ψ (forward),Pb-Pb,5.02,0–20%,RAA,5.5,5.0,6.0,0.333,0.00959,0.00959,0.0214,0.0214,5,10.17182/hepdata.146644.v1/t9
pb_jpsi_fwd,Inclusive J/ψ (forward),Pb-Pb,5.02,0–20%,RAA,6.5,6.0,7.0,0.276,0.00978,0.00978,0.0171,0.0171,6,10.17182/hepdata.146644.v1/t9
pb_jpsi_fwd,Inclusive J/ψ (forward),Pb-Pb,5.02,0–20%,RAA,7.5,7.0,8.0,0.276,0.013,0.013,0.0182,0.0182,7,10.17182/hepdata.146644.v1/t9
pb_jpsi_fwd,Inclusive J/ψ (forward),Pb-Pb,5.02,0–20%,RAA,8.5,8.0,9.0,0.259,0.0152,0.0152,0.016,0.016,8,10.17182/hepdata.146644.v1/t9
pb_jpsi_fwd,Inclusive J/ψ (forward),Pb-Pb,5.02,0–20%,RAA,9.5,9.0,10.0,0.239,0.0185,0.0185,0.0163,0.0163,9,10.17182/hepdata.146644.v1/t9
pb_jpsi_fwd,Inclusive J/ψ (forward),Pb-Pb,5.02,0–20%,RAA,10.5,10.0,11.0,0.263,0.0245,0.0245,0.0162,0.0162,10,10.17182/hepdata.146644.v1/t9
pb_jpsi_fwd,Inclusive J/ψ (forward),Pb-Pb,5.02,0–20%,RAA,11.5,11.0,12.0,0.256,0.0326,0.0326,0.0187,0.0187,11,10.17182/hepdata.146644.v1/t9
pb_jpsi_fwd,Inclusive J/ψ (forward),Pb-Pb,5.02,0–20%,RAA,13.5,12.0,15.0,0.266,0.0269,0.0269,0.0186,0.0186,12,10.17182/hepdata.146644.v1/t9
pb_jpsi_fwd,Inclusive J/ψ (forward),Pb-Pb,5.02,0–20%,RAA,17.5,15.0,20.0,0.315,0.055,0.055,0.027,0.027,13,10.17182/hepdata.146644.v1/t9
pb_chjet2,Charged jets R=0.2,Pb-Pb,5.02,0–10%,RAA,25.0,,,0.23167,0.0021244,0.0021244,0.09508,0.11121,0,10.17182/hepdata.146027.v1/t14
pb_chjet2,Charged jets R=0.2,Pb-Pb,5.02,0–10%,RAA,35.0,,,0.28395,0.0041938,0.0041938,0.11445,0.15551,1,10.17182/hepdata.146027.v1/t14
pb_chjet2,Charged jets R=0.2,Pb-Pb,5.02,0–10%,RAA,45.0,,,0.29776,0.0065916,0.0065916,0.080349,0.15273,2,10.17182/hepdata.146027.v1/t14
pb_chjet2,Charged jets R=0.2,Pb-Pb,5.02,0–10%,RAA,55.0,,,0.35786,0.010573,0.010573,0.085572,0.13713,3,10.17182/hepdata.146027.v1/t14
pb_chjet2,Charged jets R=0.2,Pb-Pb,5.02,0–10%,RAA,65.0,,,0.35926,0.015595,0.015595,0.066748,0.13114,4,10.17182/hepdata.146027.v1/t14
pb_chjet2,Charged jets R=0.2,Pb-Pb,5.02,0–10%,RAA,77.5,,,0.46222,0.021533,0.021533,0.070693,0.12301,5,10.17182/hepdata.146027.v1/t14
pb_chjet2,Charged jets R=0.2,Pb-Pb,5.02,0–10%,RAA,92.5,,,0.43578,0.034019,0.034019,0.1064,0.1268,6,10.17182/hepdata.146027.v1/t14
pb_chjet2,Charged jets R=0.2,Pb-Pb,5.02,0–10%,RAA,110.0,,,0.50014,0.046536,0.046536,0.12232,0.10992,7,10.17182/hepdata.146027.v1/t14
pb_chjet2,Charged jets R=0.2,Pb-Pb,5.02,0–10%,RAA,130.0,,,0.46293,0.060623,0.060623,0.13612,0.20707,8,10.17182/hepdata.146027.v1/t14
pb_chjet4,Charged jets R=0.4,Pb-Pb,5.02,0–10%,RAA,35.0,,,0.22045,0.0024342,0.0024342,0.044546,0.084215,0,10.17182/hepdata.146027.v1/t17
pb_chjet4,Charged jets R=0.4,Pb-Pb,5.02,0–10%,RAA,45.0,,,0.2597,0.0050015,0.0050015,0.038898,0.09171,1,10.17182/hepdata.146027.v1/t17
pb_chjet4,Charged jets R=0.4,Pb-Pb,5.02,0–10%,RAA,55.0,,,0.29709,0.0080169,0.0080169,0.04933,0.10619,2,10.17182/hepdata.146027.v1/t17
pb_chjet4,Charged jets R=0.4,Pb-Pb,5.02,0–10%,RAA,65.0,,,0.32526,0.012303,0.012303,0.058429,0.12079,3,10.17182/hepdata.146027.v1/t17
pb_chjet4,Charged jets R=0.4,Pb-Pb,5.02,0–10%,RAA,77.5,,,0.36554,0.018181,0.018181,0.053508,0.10426,4,10.17182/hepdata.146027.v1/t17
pb_chjet4,Charged jets R=0.4,Pb-Pb,5.02,0–10%,RAA,92.5,,,0.33364,0.026476,0.026476,0.082714,0.12329,5,10.17182/hepdata.146027.v1/t17
pb_chjet4,Charged jets R=0.4,Pb-Pb,5.02,0–10%,RAA,110.0,,,0.36608,0.037357,0.037357,0.06469,0.098808,6,10.17182/hepdata.146027.v1/t17
pb_chjet4,Charged jets R=0.4,Pb-Pb,5.02,0–10%,RAA,130.0,,,0.46168,0.056153,0.056153,0.083853,0.087059,7,10.17182/hepdata.146027.v1/t17
pb_chjet6,Charged jets R=0.6,Pb-Pb,5.02,0–10%,RAA,45.0,,,0.18173,0.0032771,0.0032771,0.04942,0.11821,0,10.17182/hepdata.146027.v1/t18
pb_chjet6,Charged jets R=0.6,Pb-Pb,5.02,0–10%,RAA,55.0,,,0.22486,0.0072298,0.0072298,0.089415,0.14747,1,10.17182/hepdata.146027.v1/t18
pb_chjet6,Charged jets R=0.6,Pb-Pb,5.02,0–10%,RAA,65.0,,,0.24979,0.011701,0.011701,0.051739,0.12464,2,10.17182/hepdata.146027.v1/t18
pb_chjet6,Charged jets R=0.6,Pb-Pb,5.02,0–10%,RAA,77.5,,,0.28057,0.018202,0.018202,0.046064,0.15561,3,10.17182/hepdata.146027.v1/t18
pb_chjet6,Charged jets R=0.6,Pb-Pb,5.02,0–10%,RAA,92.5,,,0.28096,0.025807,0.025807,0.029241,0.14195,4,10.17182/hepdata.146027.v1/t18
pb_chjet6,Charged jets R=0.6,Pb-Pb,5.02,0–10%,RAA,110.0,,,0.35307,0.040686,0.040686,0.040876,0.14775,5,10.17182/hepdata.146027.v1/t18
pb_chjet6,Charged jets R=0.6,Pb-Pb,5.02,0–10%,RAA,130.0,,,0.33715,0.05443,0.05443,0.10548,0.18176,6,10.17182/hepdata.146027.v1/t18
pb_fulljet2,"Full jets R=0.2, lead>5",Pb-Pb,5.02,0–10%,RAA,45.0,40.0,50.0,0.3739808,0.006204609,0.006204609,0.041519346528441414,0.041519346528441414,0,10.17182/hepdata.93739.v2/t30
pb_fulljet2,"Full jets R=0.2, lead>5",Pb-Pb,5.02,0–10%,RAA,55.0,50.0,60.0,0.4067201,0.008437047,0.008437047,0.04925457930581684,0.04925457930581684,1,10.17182/hepdata.93739.v2/t30
pb_fulljet2,"Full jets R=0.2, lead>5",Pb-Pb,5.02,0–10%,RAA,65.0,60.0,70.0,0.4474575,0.01148022,0.01148022,0.05562275583795629,0.05562275583795629,2,10.17182/hepdata.93739.v2/t30
pb_fulljet2,"Full jets R=0.2, lead>5",Pb-Pb,5.02,0–10%,RAA,75.0,70.0,80.0,0.4797836,0.015297,0.015297,0.06328544625970335,0.06328544625970335,3,10.17182/hepdata.93739.v2/t30
pb_fulljet2,"Full jets R=0.2, lead>5",Pb-Pb,5.02,0–10%,RAA,90.0,80.0,100.0,0.4837435,0.0198527,0.0198527,0.06789411875479129,0.06789411875479129,4,10.17182/hepdata.93739.v2/t30
pb_fulljet2,"Full jets R=0.2, lead>5",Pb-Pb,5.02,0–10%,RAA,110.0,100.0,120.0,0.4917935,0.02600572,0.02600572,0.07791672170216417,0.07791672170216417,5,10.17182/hepdata.93739.v2/t30
pb_fulljet2,"Full jets R=0.2, lead>5",Pb-Pb,5.02,0–10%,RAA,130.0,120.0,140.0,0.5034187,0.03310963,0.03310963,0.0961827239995957,0.0961827239995957,6,10.17182/hepdata.93739.v2/t30
pb_fulljet4,"Full jets R=0.4, lead>7",Pb-Pb,5.02,0–10%,RAA,65.0,60.0,70.0,0.4183269,0.01885391,0.01885391,0.1273560527434896,0.1273560527434896,0,10.17182/hepdata.93739.v2/t31
pb_fulljet4,"Full jets R=0.4, lead>7",Pb-Pb,5.02,0–10%,RAA,75.0,70.0,80.0,0.4775488,0.02508726,0.02508726,0.15054336249948053,0.15054336249948053,1,10.17182/hepdata.93739.v2/t31
pb_fulljet4,"Full jets R=0.4, lead>7",Pb-Pb,5.02,0–10%,RAA,90.0,80.0,100.0,0.4824482,0.03235676,0.03235676,0.1392483002411462,0.1392483002411462,2,10.17182/hepdata.93739.v2/t31
pb_fulljet4,"Full jets R=0.4, lead>7",Pb-Pb,5.02,0–10%,RAA,110.0,100.0,120.0,0.4889208,0.04213805,0.04213805,0.11445876077996302,0.11445876077996302,3,10.17182/hepdata.93739.v2/t31
pb_fulljet4,"Full jets R=0.4, lead>7",Pb-Pb,5.02,0–10%,RAA,130.0,120.0,140.0,0.5085028,0.05419777,0.05419777,0.1242647096104779,0.1242647096104779,4,10.17182/hepdata.93739.v2/t31
pb_djet,D⁰-tagged charged jets R=0.3 †,Pb-Pb,5.02,0–10%,RAA,5.5,5.0,6.0,0.317799,0.0166233,0.0166233,0.0588623,0.0588623,0,10.17182/hepdata.168854.v1/t2
pb_djet,D⁰-tagged charged jets R=0.3 †,Pb-Pb,5.02,0–10%,RAA,7.0,6.0,8.0,0.322835,0.00055756,0.00055756,0.0565436,0.0565436,1,10.17182/hepdata.168854.v1/t2
pb_djet,D⁰-tagged charged jets R=0.3 †,Pb-Pb,5.02,0–10%,RAA,9.0,8.0,10.0,0.415703,0.00034155,0.00034155,0.0769041,0.0769041,2,10.17182/hepdata.168854.v1/t2
pb_djet,D⁰-tagged charged jets R=0.3 †,Pb-Pb,5.02,0–10%,RAA,12.0,10.0,14.0,0.416136,0.00022684,0.00022684,0.0832205,0.0832205,3,10.17182/hepdata.168854.v1/t2
pb_djet,D⁰-tagged charged jets R=0.3 †,Pb-Pb,5.02,0–10%,RAA,17.0,14.0,20.0,0.522697,0.00016699,0.00016699,0.14403,0.14403,4,10.17182/hepdata.168854.v1/t2
pb_djet,D⁰-tagged charged jets R=0.3 †,Pb-Pb,5.02,0–10%,RAA,25.0,20.0,30.0,0.666176,4.7183e-05,4.7183e-05,0.213116,0.213116,5,10.17182/hepdata.168854.v1/t2
pb_djet,D⁰-tagged charged jets R=0.3 †,Pb-Pb,5.02,0–10%,RAA,40.0,30.0,50.0,0.496101,1.5274e-05,1.5274e-05,0.276049,0.276049,6,10.17182/hepdata.168854.v1/t2
pb_gamma2,Isolated γ Riso=0.2,Pb-Pb,5.02,0–10%,RAA,11.5,11.0,12.0,1.103,0.0186,0.0186,0.319,0.319,0,10.17182/hepdata.157542.v1/t6
pb_gamma2,Isolated γ Riso=0.2,Pb-Pb,5.02,0–10%,RAA,13.0,12.0,14.0,1.107,0.0152,0.0152,0.213,0.213,1,10.17182/hepdata.157542.v1/t6
pb_gamma2,Isolated γ Riso=0.2,Pb-Pb,5.02,0–10%,RAA,15.0,14.0,16.0,1.063,0.0199,0.0199,0.163,0.163,2,10.17182/hepdata.157542.v1/t6
pb_gamma2,Isolated γ Riso=0.2,Pb-Pb,5.02,0–10%,RAA,17.0,16.0,18.0,1.03,0.0247,0.0247,0.136,0.136,3,10.17182/hepdata.157542.v1/t6
pb_gamma2,Isolated γ Riso=0.2,Pb-Pb,5.02,0–10%,RAA,19.0,18.0,20.0,1.007,0.0319,0.0319,0.132,0.132,4,10.17182/hepdata.157542.v1/t6
pb_gamma2,Isolated γ Riso=0.2,Pb-Pb,5.02,0–10%,RAA,22.5,20.0,25.0,1.007,0.0288,0.0288,0.122,0.122,5,10.17182/hepdata.157542.v1/t6
pb_gamma2,Isolated γ Riso=0.2,Pb-Pb,5.02,0–10%,RAA,27.5,25.0,30.0,1.075,0.0487,0.0487,0.106,0.106,6,10.17182/hepdata.157542.v1/t6
pb_gamma2,Isolated γ Riso=0.2,Pb-Pb,5.02,0–10%,RAA,35.0,30.0,40.0,1.122,0.0577,0.0577,0.099,0.099,7,10.17182/hepdata.157542.v1/t6
pb_gamma2,Isolated γ Riso=0.2,Pb-Pb,5.02,0–10%,RAA,50.0,40.0,60.0,1.105,0.0819,0.0819,0.0832,0.0832,8,10.17182/hepdata.157542.v1/t6
pb_gamma2,Isolated γ Riso=0.2,Pb-Pb,5.02,0–10%,RAA,70.0,60.0,80.0,1.104,0.18,0.18,0.0739,0.0739,9,10.17182/hepdata.157542.v1/t6
pb_gamma4,Isolated γ Riso=0.4,Pb-Pb,5.02,0–10%,RAA,11.5,11.0,12.0,1.059,0.0193,0.0193,0.248,0.248,0,10.17182/hepdata.157542.v1/t7
pb_gamma4,Isolated γ Riso=0.4,Pb-Pb,5.02,0–10%,RAA,13.0,12.0,14.0,1.08,0.0164,0.0164,0.199,0.199,1,10.17182/hepdata.157542.v1/t7
pb_gamma4,Isolated γ Riso=0.4,Pb-Pb,5.02,0–10%,RAA,15.0,14.0,16.0,1.022,0.0211,0.0211,0.169,0.169,2,10.17182/hepdata.157542.v1/t7
pb_gamma4,Isolated γ Riso=0.4,Pb-Pb,5.02,0–10%,RAA,17.0,16.0,18.0,1.03,0.0275,0.0275,0.158,0.158,3,10.17182/hepdata.157542.v1/t7
pb_gamma4,Isolated γ Riso=0.4,Pb-Pb,5.02,0–10%,RAA,19.0,18.0,20.0,1.014,0.036,0.036,0.158,0.158,4,10.17182/hepdata.157542.v1/t7
pb_gamma4,Isolated γ Riso=0.4,Pb-Pb,5.02,0–10%,RAA,22.5,20.0,25.0,1.058,0.0342,0.0342,0.153,0.153,5,10.17182/hepdata.157542.v1/t7
pb_gamma4,Isolated γ Riso=0.4,Pb-Pb,5.02,0–10%,RAA,27.5,25.0,30.0,1.096,0.0536,0.0536,0.135,0.135,6,10.17182/hepdata.157542.v1/t7
pb_gamma4,Isolated γ Riso=0.4,Pb-Pb,5.02,0–10%,RAA,35.0,30.0,40.0,1.168,0.0662,0.0662,0.135,0.135,7,10.17182/hepdata.157542.v1/t7
pb_gamma4,Isolated γ Riso=0.4,Pb-Pb,5.02,0–10%,RAA,50.0,40.0,60.0,1.215,0.0987,0.0987,0.129,0.129,8,10.17182/hepdata.157542.v1/t7
pb_gamma4,Isolated γ Riso=0.4,Pb-Pb,5.02,0–10%,RAA,70.0,60.0,80.0,1.117,0.2,0.2,0.111,0.111,9,10.17182/hepdata.157542.v1/t7
xe_h,h±,Xe-Xe,5.44,0–5%,RAA,0.175,0.15,0.2,0.21343,9.988e-05,9.988e-05,0.013295,0.013295,0,10.17182/hepdata.85727.v3/t3
xe_h,h±,Xe-Xe,5.44,0–5%,RAA,0.225,0.2,0.25,0.221001,9.8855e-05,9.8855e-05,0.011365,0.011365,1,10.17182/hepdata.85727.v3/t3
xe_h,h±,Xe-Xe,5.44,0–5%,RAA,0.275,0.25,0.3,0.231392,0.00010747,0.00010747,0.010419,0.010419,2,10.17182/hepdata.85727.v3/t3
xe_h,h±,Xe-Xe,5.44,0–5%,RAA,0.32499999999999996,0.3,0.35,0.243711,0.00011832,0.00011832,0.010777,0.010777,3,10.17182/hepdata.85727.v3/t3
xe_h,h±,Xe-Xe,5.44,0–5%,RAA,0.375,0.35,0.4,0.256239,0.00013129,0.00013129,0.010581,0.010581,4,10.17182/hepdata.85727.v3/t3
xe_h,h±,Xe-Xe,5.44,0–5%,RAA,0.42500000000000004,0.4,0.45,0.270381,0.00014319,0.00014319,0.010813,0.010813,5,10.17182/hepdata.85727.v3/t3
xe_h,h±,Xe-Xe,5.44,0–5%,RAA,0.475,0.45,0.5,0.283442,0.00015397,0.00015397,0.011451,0.011451,6,10.17182/hepdata.85727.v3/t3
xe_h,h±,Xe-Xe,5.44,0–5%,RAA,0.525,0.5,0.55,0.296259,0.00016678,0.00016678,0.011728,0.011728,7,10.17182/hepdata.85727.v3/t3
xe_h,h±,Xe-Xe,5.44,0–5%,RAA,0.575,0.55,0.6,0.308301,0.0001805,0.0001805,0.011645,0.011645,8,10.17182/hepdata.85727.v3/t3
xe_h,h±,Xe-Xe,5.44,0–5%,RAA,0.625,0.6,0.65,0.321664,0.0001965,0.0001965,0.01177,0.01177,9,10.17182/hepdata.85727.v3/t3
xe_h,h±,Xe-Xe,5.44,0–5%,RAA,0.675,0.65,0.7,0.333728,0.00021354,0.00021354,0.011411,0.011411,10,10.17182/hepdata.85727.v3/t3
xe_h,h±,Xe-Xe,5.44,0–5%,RAA,0.725,0.7,0.75,0.345708,0.0002318,0.0002318,0.010871,0.010871,11,10.17182/hepdata.85727.v3/t3
xe_h,h±,Xe-Xe,5.44,0–5%,RAA,0.775,0.75,0.8,0.357712,0.00025165,0.00025165,0.010562,0.010562,12,10.17182/hepdata.85727.v3/t3
xe_h,h±,Xe-Xe,5.44,0–5%,RAA,0.825,0.8,0.85,0.367985,0.00027211,0.00027211,0.010576,0.010576,13,10.17182/hepdata.85727.v3/t3
xe_h,h±,Xe-Xe,5.44,0–5%,RAA,0.875,0.85,0.9,0.3784,0.00029414,0.00029414,0.0099269,0.0099269,14,10.17182/hepdata.85727.v3/t3
xe_h,h±,Xe-Xe,5.44,0–5%,RAA,0.925,0.9,0.95,0.387577,0.00031662,0.00031662,0.0098706,0.0098706,15,10.17182/hepdata.85727.v3/t3
xe_h,h±,Xe-Xe,5.44,0–5%,RAA,0.975,0.95,1.0,0.397203,0.00034042,0.00034042,0.0099157,0.0099157,16,10.17182/hepdata.85727.v3/t3
xe_h,h±,Xe-Xe,5.44,0–5%,RAA,1.05,1.0,1.1,0.408253,0.0002655,0.0002655,0.010138,0.010138,17,10.17182/hepdata.85727.v3/t3
xe_h,h±,Xe-Xe,5.44,0–5%,RAA,1.15,1.1,1.2,0.424127,0.00030244,0.00030244,0.010094,0.010094,18,10.17182/hepdata.85727.v3/t3
xe_h,h±,Xe-Xe,5.44,0–5%,RAA,1.2999999999999998,1.2,1.4,0.442845,0.00025375,0.00025375,0.010956,0.010956,19,10.17182/hepdata.85727.v3/t3
xe_h,h±,Xe-Xe,5.44,0–5%,RAA,1.5,1.4,1.6,0.463004,0.00032053,0.00032053,0.013077,0.013077,20,10.17182/hepdata.85727.v3/t3
xe_h,h±,Xe-Xe,5.44,0–5%,RAA,1.7000000000000002,1.6,1.8,0.478608,0.00039789,0.00039789,0.015628,0.015628,21,10.17182/hepdata.85727.v3/t3
xe_h,h±,Xe-Xe,5.44,0–5%,RAA,1.9,1.8,2.0,0.486421,0.00048526,0.00048526,0.01853,0.01853,22,10.17182/hepdata.85727.v3/t3
xe_h,h±,Xe-Xe,5.44,0–5%,RAA,2.1,2.0,2.2,0.489701,0.00059037,0.00059037,0.021671,0.021671,23,10.17182/hepdata.85727.v3/t3
xe_h,h±,Xe-Xe,5.44,0–5%,RAA,2.3,2.2,2.4,0.482452,0.00069601,0.00069601,0.021838,0.021838,24,10.17182/hepdata.85727.v3/t3
xe_h,h±,Xe-Xe,5.44,0–5%,RAA,2.5,2.4,2.6,0.472247,0.00081471,0.00081471,0.024078,0.024078,25,10.17182/hepdata.85727.v3/t3
xe_h,h±,Xe-Xe,5.44,0–5%,RAA,2.7,2.6,2.8,0.453626,0.00093326,0.00093326,0.023773,0.023773,26,10.17182/hepdata.85727.v3/t3
xe_h,h±,Xe-Xe,5.44,0–5%,RAA,2.9,2.8,3.0,0.42682,0.0010468,0.0010468,0.02184,0.02184,27,10.17182/hepdata.85727.v3/t3
xe_h,h±,Xe-Xe,5.44,0–5%,RAA,3.1,3.0,3.2,0.41172,0.0011928,0.0011928,0.022679,0.022679,28,10.17182/hepdata.85727.v3/t3
xe_h,h±,Xe-Xe,5.44,0–5%,RAA,3.4000000000000004,3.2,3.6,0.370643,0.00097049,0.00097049,0.019786,0.019786,29,10.17182/hepdata.85727.v3/t3
xe_h,h±,Xe-Xe,5.44,0–5%,RAA,3.8,3.6,4.0,0.321649,0.0011569,0.0011569,0.016283,0.016283,30,10.17182/hepdata.85727.v3/t3
xe_h,h±,Xe-Xe,5.44,0–5%,RAA,4.5,4.0,5.0,0.262113,0.000953,0.000953,0.012304,0.012304,31,10.17182/hepdata.85727.v3/t3
xe_h,h±,Xe-Xe,5.44,0–5%,RAA,5.5,5.0,6.0,0.20374,0.0013521,0.0013521,0.0068678,0.0068678,32,10.17182/hepdata.85727.v3/t3
xe_h,h±,Xe-Xe,5.44,0–5%,RAA,7.0,6.0,8.0,0.179876,0.0015719,0.0015719,0.0063055,0.0063055,33,10.17182/hepdata.85727.v3/t3
xe_h,h±,Xe-Xe,5.44,0–5%,RAA,9.0,8.0,10.0,0.187694,0.0030867,0.0030867,0.006336,0.006336,34,10.17182/hepdata.85727.v3/t3
xe_h,h±,Xe-Xe,5.44,0–5%,RAA,11.5,10.0,13.0,0.221196,0.0051347,0.0051347,0.0069228,0.0069228,35,10.17182/hepdata.85727.v3/t3
xe_h,h±,Xe-Xe,5.44,0–5%,RAA,16.5,13.0,20.0,0.265268,0.0086861,0.0086861,0.011526,0.011526,36,10.17182/hepdata.85727.v3/t3
xe_h,h±,Xe-Xe,5.44,0–5%,RAA,25.0,20.0,30.0,0.403637,0.02832,0.02832,0.019713,0.019713,37,10.17182/hepdata.85727.v3/t3
xe_h,h±,Xe-Xe,5.44,0–5%,RAA,40.0,30.0,50.0,0.575016,0.082068,0.082068,0.045008,0.045008,38,10.17182/hepdata.85727.v3/t3
pb276_h,h±,Pb-Pb,2.76,0–5%,RAA,0.175,0.15,0.2,0.19361,9.5168e-05,9.5168e-05,0.015516,0.015516,0,10.17182/hepdata.86210.v1/t7
pb276_h,h±,Pb-Pb,2.76,0–5%,RAA,0.225,0.2,0.25,0.201492,6.3926e-05,6.3926e-05,0.011618,0.011618,1,10.17182/hepdata.86210.v1/t7
pb276_h,h±,Pb-Pb,2.76,0–5%,RAA,0.275,0.25,0.3,0.209745,6.2027e-05,6.2027e-05,0.011006,0.011006,2,10.17182/hepdata.86210.v1/t7
pb276_h,h±,Pb-Pb,2.76,0–5%,RAA,0.32499999999999996,0.3,0.35,0.218153,6.3896e-05,6.3896e-05,0.010779,0.010779,3,10.17182/hepdata.86210.v1/t7
pb276_h,h±,Pb-Pb,2.76,0–5%,RAA,0.375,0.35,0.4,0.228231,6.8301e-05,6.8301e-05,0.010922,0.010922,4,10.17182/hepdata.86210.v1/t7
pb276_h,h±,Pb-Pb,2.76,0–5%,RAA,0.42500000000000004,0.4,0.45,0.238846,7.4148e-05,7.4148e-05,0.010833,0.010833,5,10.17182/hepdata.86210.v1/t7
pb276_h,h±,Pb-Pb,2.76,0–5%,RAA,0.475,0.45,0.5,0.250067,8.3077e-05,8.3077e-05,0.01115,0.01115,6,10.17182/hepdata.86210.v1/t7
pb276_h,h±,Pb-Pb,2.76,0–5%,RAA,0.525,0.5,0.55,0.261429,9.4586e-05,9.4586e-05,0.011404,0.011404,7,10.17182/hepdata.86210.v1/t7
pb276_h,h±,Pb-Pb,2.76,0–5%,RAA,0.575,0.55,0.6,0.273166,0.00010709,0.00010709,0.011898,0.011898,8,10.17182/hepdata.86210.v1/t7
pb276_h,h±,Pb-Pb,2.76,0–5%,RAA,0.625,0.6,0.65,0.285506,0.00012177,0.00012177,0.011905,0.011905,9,10.17182/hepdata.86210.v1/t7
pb276_h,h±,Pb-Pb,2.76,0–5%,RAA,0.675,0.65,0.7,0.296752,0.00013815,0.00013815,0.01206,0.01206,10,10.17182/hepdata.86210.v1/t7
pb276_h,h±,Pb-Pb,2.76,0–5%,RAA,0.725,0.7,0.75,0.308621,0.00015544,0.00015544,0.012983,0.012983,11,10.17182/hepdata.86210.v1/t7
pb276_h,h±,Pb-Pb,2.76,0–5%,RAA,0.775,0.75,0.8,0.319408,0.00017395,0.00017395,0.013383,0.013383,12,10.17182/hepdata.86210.v1/t7
pb276_h,h±,Pb-Pb,2.76,0–5%,RAA,0.825,0.8,0.85,0.329913,0.00019407,0.00019407,0.013868,0.013868,13,10.17182/hepdata.86210.v1/t7
pb276_h,h±,Pb-Pb,2.76,0–5%,RAA,0.875,0.85,0.9,0.340154,0.00021591,0.00021591,0.015059,0.015059,14,10.17182/hepdata.86210.v1/t7
pb276_h,h±,Pb-Pb,2.76,0–5%,RAA,0.925,0.9,0.95,0.349944,0.00023933,0.00023933,0.016583,0.016583,15,10.17182/hepdata.86210.v1/t7
pb276_h,h±,Pb-Pb,2.76,0–5%,RAA,0.975,0.95,1.0,0.359479,0.00026142,0.00026142,0.015821,0.015821,16,10.17182/hepdata.86210.v1/t7
pb276_h,h±,Pb-Pb,2.76,0–5%,RAA,1.05,1.0,1.1,0.37253,0.00020855,0.00020855,0.016593,0.016593,17,10.17182/hepdata.86210.v1/t7
pb276_h,h±,Pb-Pb,2.76,0–5%,RAA,1.15,1.1,1.2,0.387679,0.00024152,0.00024152,0.017515,0.017515,18,10.17182/hepdata.86210.v1/t7
pb276_h,h±,Pb-Pb,2.76,0–5%,RAA,1.2999999999999998,1.2,1.4,0.406394,0.0001993,0.0001993,0.019525,0.019525,19,10.17182/hepdata.86210.v1/t7
pb276_h,h±,Pb-Pb,2.76,0–5%,RAA,1.5,1.4,1.6,0.425843,0.00025577,0.00025577,0.020894,0.020894,20,10.17182/hepdata.86210.v1/t7
pb276_h,h±,Pb-Pb,2.76,0–5%,RAA,1.7000000000000002,1.6,1.8,0.437978,0.0003194,0.0003194,0.021646,0.021646,21,10.17182/hepdata.86210.v1/t7
pb276_h,h±,Pb-Pb,2.76,0–5%,RAA,1.9,1.8,2.0,0.443345,0.00039087,0.00039087,0.022312,0.022312,22,10.17182/hepdata.86210.v1/t7
pb276_h,h±,Pb-Pb,2.76,0–5%,RAA,2.1,2.0,2.2,0.441285,0.00048247,0.00048247,0.023108,0.023108,23,10.17182/hepdata.86210.v1/t7
pb276_h,h±,Pb-Pb,2.76,0–5%,RAA,2.3,2.2,2.4,0.431373,0.00056238,0.00056238,0.022057,0.022057,24,10.17182/hepdata.86210.v1/t7
pb276_h,h±,Pb-Pb,2.76,0–5%,RAA,2.5,2.4,2.6,0.414283,0.00064002,0.00064002,0.020309,0.020309,25,10.17182/hepdata.86210.v1/t7
pb276_h,h±,Pb-Pb,2.76,0–5%,RAA,2.7,2.6,2.8,0.395172,0.00072053,0.00072053,0.019218,0.019218,26,10.17182/hepdata.86210.v1/t7
pb276_h,h±,Pb-Pb,2.76,0–5%,RAA,2.9,2.8,3.0,0.368199,0.00078475,0.00078475,0.017565,0.017565,27,10.17182/hepdata.86210.v1/t7
pb276_h,h±,Pb-Pb,2.76,0–5%,RAA,3.1,3.0,3.2,0.34551,0.00086412,0.00086412,0.017465,0.017465,28,10.17182/hepdata.86210.v1/t7
pb276_h,h±,Pb-Pb,2.76,0–5%,RAA,3.4000000000000004,3.2,3.6,0.308503,0.00065925,0.00065925,0.015318,0.015318,29,10.17182/hepdata.86210.v1/t7
pb276_h,h±,Pb-Pb,2.76,0–5%,RAA,3.8,3.6,4.0,0.259249,0.00073451,0.00073451,0.013504,0.013504,30,10.17182/hepdata.86210.v1/t7
pb276_h,h±,Pb-Pb,2.76,0–5%,RAA,4.5,4.0,5.0,0.204984,0.00056097,0.00056097,0.010273,0.010273,31,10.17182/hepdata.86210.v1/t7
pb276_h,h±,Pb-Pb,2.76,0–5%,RAA,5.5,5.0,6.0,0.154789,0.00074358,0.00074358,0.0070345,0.0070345,32,10.17182/hepdata.86210.v1/t7
pb276_h,h±,Pb-Pb,2.76,0–5%,RAA,7.0,6.0,8.0,0.139264,0.00086772,0.00086772,0.0064056,0.0064056,33,10.17182/hepdata.86210.v1/t7
pb276_h,h±,Pb-Pb,2.76,0–5%,RAA,9.0,8.0,10.0,0.152845,0.0018947,0.0018947,0.0065438,0.0065438,34,10.17182/hepdata.86210.v1/t7
pb276_h,h±,Pb-Pb,2.76,0–5%,RAA,11.5,10.0,13.0,0.17322,0.0032611,0.0032611,0.0072929,0.0072929,35,10.17182/hepdata.86210.v1/t7
pb276_h,h±,Pb-Pb,2.76,0–5%,RAA,16.5,13.0,20.0,0.226673,0.0066975,0.0066975,0.010704,0.010704,36,10.17182/hepdata.86210.v1/t7
pb276_h,h±,Pb-Pb,2.76,0–5%,RAA,25.0,20.0,30.0,0.299015,0.022156,0.022156,0.013633,0.013633,37,10.17182/hepdata.86210.v1/t7
pb276_h,h±,Pb-Pb,2.76,0–5%,RAA,40.0,30.0,50.0,0.446687,0.084543,0.084543,0.025132,0.025132,38,10.17182/hepdata.86210.v1/t7
pb276_pi,π±,Pb-Pb,2.76,0–5%,RAA,0.11,0.1,0.12,0.1893,0.001101,0.001101,0.02894,0.02894,0,10.17182/hepdata.71310.v1/t7
pb276_pi,π±,Pb-Pb,2.76,0–5%,RAA,0.13,0.12,0.14,0.1915,0.0008029,0.0008029,0.02569,0.02569,1,10.17182/hepdata.71310.v1/t7
pb276_pi,π±,Pb-Pb,2.76,0–5%,RAA,0.15000000000000002,0.14,0.16,0.191,0.0007003,0.0007003,0.02544,0.02544,2,10.17182/hepdata.71310.v1/t7
pb276_pi,π±,Pb-Pb,2.76,0–5%,RAA,0.16999999999999998,0.16,0.18,0.1908,0.0006344,0.0006344,0.0254,0.0254,3,10.17182/hepdata.71310.v1/t7
pb276_pi,π±,Pb-Pb,2.76,0–5%,RAA,0.19,0.18,0.2,0.1941,0.0006059,0.0006059,0.0259,0.0259,4,10.17182/hepdata.71310.v1/t7
pb276_pi,π±,Pb-Pb,2.76,0–5%,RAA,0.225,0.2,0.25,0.1922,0.0002952,0.0002952,0.01665,0.01665,5,10.17182/hepdata.71310.v1/t7
pb276_pi,π±,Pb-Pb,2.76,0–5%,RAA,0.275,0.25,0.3,0.2011,0.0003092,0.0003092,0.01743,0.01743,6,10.17182/hepdata.71310.v1/t7
pb276_pi,π±,Pb-Pb,2.76,0–5%,RAA,0.32499999999999996,0.3,0.35,0.2129,0.0003361,0.0003361,0.01782,0.01782,7,10.17182/hepdata.71310.v1/t7
pb276_pi,π±,Pb-Pb,2.76,0–5%,RAA,0.375,0.35,0.4,0.2249,0.0003682,0.0003682,0.0176,0.0176,8,10.17182/hepdata.71310.v1/t7
pb276_pi,π±,Pb-Pb,2.76,0–5%,RAA,0.42500000000000004,0.4,0.45,0.2378,0.0004123,0.0004123,0.01817,0.01817,9,10.17182/hepdata.71310.v1/t7
pb276_pi,π±,Pb-Pb,2.76,0–5%,RAA,0.475,0.45,0.5,0.2496,0.0004623,0.0004623,0.01881,0.01881,10,10.17182/hepdata.71310.v1/t7
pb276_pi,π±,Pb-Pb,2.76,0–5%,RAA,0.525,0.5,0.55,0.2607,0.0005321,0.0005321,0.01533,0.01533,11,10.17182/hepdata.71310.v1/t7
pb276_pi,π±,Pb-Pb,2.76,0–5%,RAA,0.575,0.55,0.6,0.2739,0.0006001,0.0006001,0.01575,0.01575,12,10.17182/hepdata.71310.v1/t7
pb276_pi,π±,Pb-Pb,2.76,0–5%,RAA,0.625,0.6,0.65,0.2844,0.0008875,0.0008875,0.02,0.02,13,10.17182/hepdata.71310.v1/t7
pb276_pi,π±,Pb-Pb,2.76,0–5%,RAA,0.675,0.65,0.7,0.2986,0.001009,0.001009,0.02118,0.02118,14,10.17182/hepdata.71310.v1/t7
pb276_pi,π±,Pb-Pb,2.76,0–5%,RAA,0.725,0.7,0.75,0.3102,0.001129,0.001129,0.02198,0.02198,15,10.17182/hepdata.71310.v1/t7
pb276_pi,π±,Pb-Pb,2.76,0–5%,RAA,0.775,0.75,0.8,0.323,0.00128,0.00128,0.02315,0.02315,16,10.17182/hepdata.71310.v1/t7
pb276_pi,π±,Pb-Pb,2.76,0–5%,RAA,0.825,0.8,0.85,0.3321,0.001452,0.001452,0.02383,0.02383,17,10.17182/hepdata.71310.v1/t7
pb276_pi,π±,Pb-Pb,2.76,0–5%,RAA,0.875,0.85,0.9,0.3411,0.001582,0.001582,0.02471,0.02471,18,10.17182/hepdata.71310.v1/t7
pb276_pi,π±,Pb-Pb,2.76,0–5%,RAA,0.925,0.9,0.95,0.3526,0.001806,0.001806,0.02566,0.02566,19,10.17182/hepdata.71310.v1/t7
pb276_pi,π±,Pb-Pb,2.76,0–5%,RAA,0.975,0.95,1.0,0.3648,0.002023,0.002023,0.02631,0.02631,20,10.17182/hepdata.71310.v1/t7
pb276_pi,π±,Pb-Pb,2.76,0–5%,RAA,1.05,1.0,1.1,0.3732,0.001596,0.001596,0.02748,0.02748,21,10.17182/hepdata.71310.v1/t7
pb276_pi,π±,Pb-Pb,2.76,0–5%,RAA,1.15,1.1,1.2,0.3859,0.00188,0.00188,0.02826,0.02826,22,10.17182/hepdata.71310.v1/t7
pb276_pi,π±,Pb-Pb,2.76,0–5%,RAA,1.25,1.2,1.3,0.3993,0.002072,0.002072,0.03114,0.03114,23,10.17182/hepdata.71310.v1/t7
pb276_pi,π±,Pb-Pb,2.76,0–5%,RAA,1.35,1.3,1.4,0.4046,0.002373,0.002373,0.03172,0.03172,24,10.17182/hepdata.71310.v1/t7
pb276_pi,π±,Pb-Pb,2.76,0–5%,RAA,1.45,1.4,1.5,0.3971,0.002566,0.002566,0.0314,0.0314,25,10.17182/hepdata.71310.v1/t7
pb276_pi,π±,Pb-Pb,2.76,0–5%,RAA,1.55,1.5,1.6,0.3954,0.002423,0.002423,0.03029,0.03029,26,10.17182/hepdata.71310.v1/t7
pb276_pi,π±,Pb-Pb,2.76,0–5%,RAA,1.65,1.6,1.7,0.3852,0.002758,0.002758,0.03004,0.03004,27,10.17182/hepdata.71310.v1/t7
pb276_pi,π±,Pb-Pb,2.76,0–5%,RAA,1.75,1.7,1.8,0.3755,0.002818,0.002818,0.02984,0.02984,28,10.17182/hepdata.71310.v1/t7
pb276_pi,π±,Pb-Pb,2.76,0–5%,RAA,1.85,1.8,1.9,0.3627,0.002953,0.002953,0.0294,0.0294,29,10.17182/hepdata.71310.v1/t7
pb276_pi,π±,Pb-Pb,2.76,0–5%,RAA,1.95,1.9,2.0,0.3563,0.003483,0.003483,0.02934,0.02934,30,10.17182/hepdata.71310.v1/t7
pb276_pi,π±,Pb-Pb,2.76,0–5%,RAA,2.05,2.0,2.1,0.3445,0.003511,0.003511,0.02895,0.02895,31,10.17182/hepdata.71310.v1/t7
pb276_pi,π±,Pb-Pb,2.76,0–5%,RAA,2.1500000000000004,2.1,2.2,0.3309,0.003853,0.003853,0.02808,0.02808,32,10.17182/hepdata.71310.v1/t7
pb276_pi,π±,Pb-Pb,2.76,0–5%,RAA,2.25,2.2,2.3,0.3148,0.003561,0.003561,0.02754,0.02754,33,10.17182/hepdata.71310.v1/t7
pb276_pi,π±,Pb-Pb,2.76,0–5%,RAA,2.3499999999999996,2.3,2.4,0.3076,0.00372,0.00372,0.02749,0.02749,34,10.17182/hepdata.71310.v1/t7
pb276_pi,π±,Pb-Pb,2.76,0–5%,RAA,2.45,2.4,2.5,0.2905,0.004614,0.004614,0.02628,0.02628,35,10.17182/hepdata.71310.v1/t7
pb276_pi,π±,Pb-Pb,2.76,0–5%,RAA,2.55,2.5,2.6,0.2886,0.005746,0.005746,0.02941,0.02941,36,10.17182/hepdata.71310.v1/t7
pb276_pi,π±,Pb-Pb,2.76,0–5%,RAA,2.6500000000000004,2.6,2.7,0.2768,0.006146,0.006146,0.0279,0.0279,37,10.17182/hepdata.71310.v1/t7
pb276_pi,π±,Pb-Pb,2.76,0–5%,RAA,2.75,2.7,2.8,0.2738,0.005934,0.005934,0.02777,0.02777,38,10.17182/hepdata.71310.v1/t7
pb276_pi,π±,Pb-Pb,2.76,0–5%,RAA,2.8499999999999996,2.8,2.9,0.2553,0.005709,0.005709,0.02587,0.02587,39,10.17182/hepdata.71310.v1/t7
pb276_pi,π±,Pb-Pb,2.76,0–5%,RAA,2.95,2.9,3.0,0.2408,0.0059,0.0059,0.02629,0.02629,40,10.17182/hepdata.71310.v1/t7
pb276_pi,π±,Pb-Pb,2.76,0–5%,RAA,3.1,3.0,3.2,0.23,0.002818,0.002818,0.02133,0.02133,41,10.17182/hepdata.71310.v1/t7
pb276_pi,π±,Pb-Pb,2.76,0–5%,RAA,3.3,3.2,3.4,0.2108,0.003409,0.003409,0.01879,0.01879,42,10.17182/hepdata.71310.v1/t7
pb276_pi,π±,Pb-Pb,2.76,0–5%,RAA,3.5,3.4,3.6,0.1958,0.003154,0.003154,0.01809,0.01809,43,10.17182/hepdata.71310.v1/t7
pb276_pi,π±,Pb-Pb,2.76,0–5%,RAA,3.7,3.6,3.8,0.1855,0.003075,0.003075,0.01737,0.01737,44,10.17182/hepdata.71310.v1/t7
pb276_pi,π±,Pb-Pb,2.76,0–5%,RAA,3.9,3.8,4.0,0.1702,0.002838,0.002838,0.0164,0.0164,45,10.17182/hepdata.71310.v1/t7
pb276_pi,π±,Pb-Pb,2.76,0–5%,RAA,4.25,4.0,4.5,0.1556,0.001347,0.001347,0.01888,0.01888,46,10.17182/hepdata.71310.v1/t7
pb276_pi,π±,Pb-Pb,2.76,0–5%,RAA,4.75,4.5,5.0,0.1394,0.001453,0.001453,0.01695,0.01695,47,10.17182/hepdata.71310.v1/t7
pb276_pi,π±,Pb-Pb,2.76,0–5%,RAA,5.25,5.0,5.5,0.1285,0.001505,0.001505,0.01567,0.01567,48,10.17182/hepdata.71310.v1/t7
pb276_pi,π±,Pb-Pb,2.76,0–5%,RAA,5.75,5.5,6.0,0.1248,0.001745,0.001745,0.01528,0.01528,49,10.17182/hepdata.71310.v1/t7
pb276_pi,π±,Pb-Pb,2.76,0–5%,RAA,6.25,6.0,6.5,0.1251,0.002086,0.002086,0.01546,0.01546,50,10.17182/hepdata.71310.v1/t7
pb276_pi,π±,Pb-Pb,2.76,0–5%,RAA,6.75,6.5,7.0,0.1287,0.002583,0.002583,0.01592,0.01592,52,10.17182/hepdata.71310.v1/t7
pb276_pi,π±,Pb-Pb,2.76,0–5%,RAA,7.5,7.0,8.0,0.13,0.002577,0.002577,0.01615,0.01615,53,10.17182/hepdata.71310.v1/t7
pb276_pi,π±,Pb-Pb,2.76,0–5%,RAA,8.5,8.0,9.0,0.1402,0.003757,0.003757,0.0174,0.0174,54,10.17182/hepdata.71310.v1/t7
pb276_pi,π±,Pb-Pb,2.76,0–5%,RAA,9.5,9.0,10.0,0.1558,0.005451,0.005451,0.01937,0.01937,56,10.17182/hepdata.71310.v1/t7
pb276_pi,π±,Pb-Pb,2.76,0–5%,RAA,10.5,10.0,11.0,0.1695,0.007611,0.007611,0.02118,0.02118,57,10.17182/hepdata.71310.v1/t7
pb276_pi,π±,Pb-Pb,2.76,0–5%,RAA,11.5,11.0,12.0,0.1823,0.01034,0.01034,0.02295,0.02295,59,10.17182/hepdata.71310.v1/t7
pb276_pi,π±,Pb-Pb,2.76,0–5%,RAA,12.5,12.0,13.0,0.1868,0.01287,0.01287,0.02377,0.02377,60,10.17182/hepdata.71310.v1/t7
pb276_pi,π±,Pb-Pb,2.76,0–5%,RAA,13.5,13.0,14.0,0.2057,0.01754,0.01754,0.02649,0.02649,62,10.17182/hepdata.71310.v1/t7
pb276_pi,π±,Pb-Pb,2.76,0–5%,RAA,14.5,14.0,15.0,0.218,0.02218,0.02218,0.02848,0.02848,63,10.17182/hepdata.71310.v1/t7
pb276_pi,π±,Pb-Pb,2.76,0–5%,RAA,15.5,15.0,16.0,0.2332,0.02833,0.02833,0.03103,0.03103,64,10.17182/hepdata.71310.v1/t7
pb276_pi,π±,Pb-Pb,2.76,0–5%,RAA,17.0,16.0,18.0,0.2331,0.02618,0.02618,0.03178,0.03178,66,10.17182/hepdata.71310.v1/t7
pb276_pi,π±,Pb-Pb,2.76,0–5%,RAA,19.0,18.0,20.0,0.2957,0.04516,0.04516,0.04194,0.04194,67,10.17182/hepdata.71310.v1/t7
pb276_k,K±,Pb-Pb,2.76,0–5%,RAA,0.225,0.2,0.25,0.1613,0.002302,0.002302,0.02614,0.02614,5,10.17182/hepdata.71310.v1/t7
pb276_k,K±,Pb-Pb,2.76,0–5%,RAA,0.275,0.25,0.3,0.1611,0.001483,0.001483,0.01925,0.01925,6,10.17182/hepdata.71310.v1/t7
pb276_k,K±,Pb-Pb,2.76,0–5%,RAA,0.32499999999999996,0.3,0.35,0.1831,0.001476,0.001476,0.01612,0.01612,7,10.17182/hepdata.71310.v1/t7
pb276_k,K±,Pb-Pb,2.76,0–5%,RAA,0.375,0.35,0.4,0.2023,0.001527,0.001527,0.01719,0.01719,8,10.17182/hepdata.71310.v1/t7
pb276_k,K±,Pb-Pb,2.76,0–5%,RAA,0.42500000000000004,0.4,0.45,0.218,0.002953,0.002953,0.02012,0.02012,9,10.17182/hepdata.71310.v1/t7
pb276_k,K±,Pb-Pb,2.76,0–5%,RAA,0.475,0.45,0.5,0.2276,0.00193,0.00193,0.03015,0.03015,10,10.17182/hepdata.71310.v1/t7
pb276_k,K±,Pb-Pb,2.76,0–5%,RAA,0.525,0.5,0.55,0.242,0.003032,0.003032,0.01724,0.01724,11,10.17182/hepdata.71310.v1/t7
pb276_k,K±,Pb-Pb,2.76,0–5%,RAA,0.575,0.55,0.6,0.2525,0.003154,0.003154,0.02408,0.02408,12,10.17182/hepdata.71310.v1/t7
pb276_k,K±,Pb-Pb,2.76,0–5%,RAA,0.625,0.6,0.65,0.2675,0.003301,0.003301,0.02539,0.02539,13,10.17182/hepdata.71310.v1/t7
pb276_k,K±,Pb-Pb,2.76,0–5%,RAA,0.675,0.65,0.7,0.2917,0.003609,0.003609,0.02791,0.02791,14,10.17182/hepdata.71310.v1/t7
pb276_k,K±,Pb-Pb,2.76,0–5%,RAA,0.725,0.7,0.75,0.3159,0.004057,0.004057,0.03043,0.03043,15,10.17182/hepdata.71310.v1/t7
pb276_k,K±,Pb-Pb,2.76,0–5%,RAA,0.775,0.75,0.8,0.3401,0.004425,0.004425,0.03212,0.03212,16,10.17182/hepdata.71310.v1/t7
pb276_k,K±,Pb-Pb,2.76,0–5%,RAA,0.825,0.8,0.85,0.3551,0.004681,0.004681,0.03373,0.03373,17,10.17182/hepdata.71310.v1/t7
pb276_k,K±,Pb-Pb,2.76,0–5%,RAA,0.875,0.85,0.9,0.3818,0.005583,0.005583,0.03564,0.03564,18,10.17182/hepdata.71310.v1/t7
pb276_k,K±,Pb-Pb,2.76,0–5%,RAA,0.925,0.9,0.95,0.3935,0.006017,0.006017,0.03661,0.03661,19,10.17182/hepdata.71310.v1/t7
pb276_k,K±,Pb-Pb,2.76,0–5%,RAA,0.975,0.95,1.0,0.4131,0.006535,0.006535,0.03872,0.03872,20,10.17182/hepdata.71310.v1/t7
pb276_k,K±,Pb-Pb,2.76,0–5%,RAA,1.05,1.0,1.1,0.4311,0.005317,0.005317,0.04074,0.04074,21,10.17182/hepdata.71310.v1/t7
pb276_k,K±,Pb-Pb,2.76,0–5%,RAA,1.15,1.1,1.2,0.4562,0.006239,0.006239,0.04332,0.04332,22,10.17182/hepdata.71310.v1/t7
pb276_k,K±,Pb-Pb,2.76,0–5%,RAA,1.25,1.2,1.3,0.479,0.006015,0.006015,0.05539,0.05539,23,10.17182/hepdata.71310.v1/t7
pb276_k,K±,Pb-Pb,2.76,0–5%,RAA,1.35,1.3,1.4,0.503,0.00692,0.00692,0.0593,0.0593,24,10.17182/hepdata.71310.v1/t7
pb276_k,K±,Pb-Pb,2.76,0–5%,RAA,1.45,1.4,1.5,0.5041,0.007548,0.007548,0.06145,0.06145,25,10.17182/hepdata.71310.v1/t7
pb276_k,K±,Pb-Pb,2.76,0–5%,RAA,1.55,1.5,1.6,0.5163,0.005449,0.005449,0.04875,0.04875,26,10.17182/hepdata.71310.v1/t7
pb276_k,K±,Pb-Pb,2.76,0–5%,RAA,1.65,1.6,1.7,0.5251,0.006018,0.006018,0.04914,0.04914,27,10.17182/hepdata.71310.v1/t7
pb276_k,K±,Pb-Pb,2.76,0–5%,RAA,1.75,1.7,1.8,0.5085,0.006164,0.006164,0.04898,0.04898,28,10.17182/hepdata.71310.v1/t7
pb276_k,K±,Pb-Pb,2.76,0–5%,RAA,1.85,1.8,1.9,0.4927,0.006507,0.006507,0.0477,0.0477,29,10.17182/hepdata.71310.v1/t7
pb276_k,K±,Pb-Pb,2.76,0–5%,RAA,1.95,1.9,2.0,0.4727,0.006676,0.006676,0.04694,0.04694,30,10.17182/hepdata.71310.v1/t7
pb276_k,K±,Pb-Pb,2.76,0–5%,RAA,2.05,2.0,2.1,0.4512,0.006691,0.006691,0.04572,0.04572,31,10.17182/hepdata.71310.v1/t7
pb276_k,K±,Pb-Pb,2.76,0–5%,RAA,2.1500000000000004,2.1,2.2,0.4473,0.007453,0.007453,0.04313,0.04313,32,10.17182/hepdata.71310.v1/t7
pb276_k,K±,Pb-Pb,2.76,0–5%,RAA,2.25,2.2,2.3,0.4459,0.007655,0.007655,0.04651,0.04651,33,10.17182/hepdata.71310.v1/t7
pb276_k,K±,Pb-Pb,2.76,0–5%,RAA,2.3499999999999996,2.3,2.4,0.4494,0.00852,0.00852,0.04566,0.04566,34,10.17182/hepdata.71310.v1/t7
pb276_k,K±,Pb-Pb,2.76,0–5%,RAA,2.45,2.4,2.5,0.4154,0.01014,0.01014,0.04485,0.04485,35,10.17182/hepdata.71310.v1/t7
pb276_k,K±,Pb-Pb,2.76,0–5%,RAA,2.55,2.5,2.6,0.4215,0.01117,0.01117,0.04676,0.04676,36,10.17182/hepdata.71310.v1/t7
pb276_k,K±,Pb-Pb,2.76,0–5%,RAA,2.6500000000000004,2.6,2.7,0.4074,0.01165,0.01165,0.04643,0.04643,37,10.17182/hepdata.71310.v1/t7
pb276_k,K±,Pb-Pb,2.76,0–5%,RAA,2.75,2.7,2.8,0.3968,0.01235,0.01235,0.04745,0.04745,38,10.17182/hepdata.71310.v1/t7
pb276_k,K±,Pb-Pb,2.76,0–5%,RAA,2.8499999999999996,2.8,2.9,0.3635,0.01264,0.01264,0.04218,0.04218,39,10.17182/hepdata.71310.v1/t7
pb276_k,K±,Pb-Pb,2.76,0–5%,RAA,2.95,2.9,3.0,0.3475,0.01177,0.01177,0.04193,0.04193,40,10.17182/hepdata.71310.v1/t7
pb276_k,K±,Pb-Pb,2.76,0–5%,RAA,3.1,3.0,3.2,0.3081,0.009212,0.009212,0.03666,0.03666,41,10.17182/hepdata.71310.v1/t7
pb276_k,K±,Pb-Pb,2.76,0–5%,RAA,3.3,3.2,3.4,0.2703,0.00741,0.00741,0.03074,0.03074,42,10.17182/hepdata.71310.v1/t7
pb276_k,K±,Pb-Pb,2.76,0–5%,RAA,3.5,3.4,3.6,0.2506,0.006553,0.006553,0.02889,0.02889,43,10.17182/hepdata.71310.v1/t7
pb276_k,K±,Pb-Pb,2.76,0–5%,RAA,3.7,3.6,3.8,0.2325,0.003097,0.003097,0.03149,0.03149,44,10.17182/hepdata.71310.v1/t7
pb276_k,K±,Pb-Pb,2.76,0–5%,RAA,3.9,3.8,4.0,0.216,0.002961,0.002961,0.02866,0.02866,45,10.17182/hepdata.71310.v1/t7
pb276_k,K±,Pb-Pb,2.76,0–5%,RAA,4.25,4.0,4.5,0.1707,0.002286,0.002286,0.02882,0.02882,46,10.17182/hepdata.71310.v1/t7
pb276_k,K±,Pb-Pb,2.76,0–5%,RAA,4.75,4.5,5.0,0.1403,0.002266,0.002266,0.02275,0.02275,47,10.17182/hepdata.71310.v1/t7
pb276_k,K±,Pb-Pb,2.76,0–5%,RAA,5.25,5.0,5.5,0.1229,0.002327,0.002327,0.01955,0.01955,48,10.17182/hepdata.71310.v1/t7
pb276_k,K±,Pb-Pb,2.76,0–5%,RAA,5.75,5.5,6.0,0.1181,0.002642,0.002642,0.01879,0.01879,49,10.17182/hepdata.71310.v1/t7
pb276_k,K±,Pb-Pb,2.76,0–5%,RAA,6.25,6.0,6.5,0.1143,0.002964,0.002964,0.01896,0.01896,50,10.17182/hepdata.71310.v1/t7
pb276_k,K±,Pb-Pb,2.76,0–5%,RAA,6.75,6.5,7.0,0.1126,0.003465,0.003465,0.01768,0.01768,52,10.17182/hepdata.71310.v1/t7
pb276_k,K±,Pb-Pb,2.76,0–5%,RAA,7.5,7.0,8.0,0.1171,0.003604,0.003604,0.01875,0.01875,53,10.17182/hepdata.71310.v1/t7
pb276_k,K±,Pb-Pb,2.76,0–5%,RAA,8.5,8.0,9.0,0.1326,0.005458,0.005458,0.02114,0.02114,54,10.17182/hepdata.71310.v1/t7
pb276_k,K±,Pb-Pb,2.76,0–5%,RAA,9.5,9.0,10.0,0.1377,0.007169,0.007169,0.02171,0.02171,56,10.17182/hepdata.71310.v1/t7
pb276_k,K±,Pb-Pb,2.76,0–5%,RAA,10.5,10.0,11.0,0.1383,0.009438,0.009438,0.02179,0.02179,57,10.17182/hepdata.71310.v1/t7
pb276_k,K±,Pb-Pb,2.76,0–5%,RAA,11.5,11.0,12.0,0.1565,0.01333,0.01333,0.02436,0.02436,59,10.17182/hepdata.71310.v1/t7
pb276_k,K±,Pb-Pb,2.76,0–5%,RAA,12.5,12.0,13.0,0.1789,0.0178,0.0178,0.02747,0.02747,60,10.17182/hepdata.71310.v1/t7
pb276_k,K±,Pb-Pb,2.76,0–5%,RAA,13.5,13.0,14.0,0.1647,0.02039,0.02039,0.02576,0.02576,62,10.17182/hepdata.71310.v1/t7
pb276_k,K±,Pb-Pb,2.76,0–5%,RAA,14.5,14.0,15.0,0.1893,0.02689,0.02689,0.03017,0.03017,63,10.17182/hepdata.71310.v1/t7
pb276_k,K±,Pb-Pb,2.76,0–5%,RAA,15.5,15.0,16.0,0.2247,0.03944,0.03944,0.03593,0.03593,64,10.17182/hepdata.71310.v1/t7
pb276_k,K±,Pb-Pb,2.76,0–5%,RAA,17.0,16.0,18.0,0.2916,0.06278,0.06278,0.04985,0.04985,66,10.17182/hepdata.71310.v1/t7
pb276_k,K±,Pb-Pb,2.76,0–5%,RAA,19.0,18.0,20.0,0.3657,0.09575,0.09575,0.0621,0.0621,67,10.17182/hepdata.71310.v1/t7
pb276_p,p + p̄,Pb-Pb,2.76,0–5%,RAA,0.32499999999999996,0.3,0.35,0.0612,0.001566,0.001566,0.01064,0.01064,7,10.17182/hepdata.71310.v1/t7
pb276_p,p + p̄,Pb-Pb,2.76,0–5%,RAA,0.375,0.35,0.4,0.0653,0.001321,0.001321,0.01052,0.01052,8,10.17182/hepdata.71310.v1/t7
pb276_p,p + p̄,Pb-Pb,2.76,0–5%,RAA,0.42500000000000004,0.4,0.45,0.07076,0.001198,0.001198,0.01092,0.01092,9,10.17182/hepdata.71310.v1/t7
pb276_p,p + p̄,Pb-Pb,2.76,0–5%,RAA,0.475,0.45,0.5,0.07301,0.0007589,0.0007589,0.008659,0.008659,10,10.17182/hepdata.71310.v1/t7
pb276_p,p + p̄,Pb-Pb,2.76,0–5%,RAA,0.525,0.5,0.55,0.08379,0.0008245,0.0008245,0.008438,0.008438,11,10.17182/hepdata.71310.v1/t7
pb276_p,p + p̄,Pb-Pb,2.76,0–5%,RAA,0.575,0.55,0.6,0.09527,0.0008968,0.0008968,0.009441,0.009441,12,10.17182/hepdata.71310.v1/t7
pb276_p,p + p̄,Pb-Pb,2.76,0–5%,RAA,0.625,0.6,0.65,0.0996,0.0009759,0.0009759,0.01131,0.01131,13,10.17182/hepdata.71310.v1/t7
pb276_p,p + p̄,Pb-Pb,2.76,0–5%,RAA,0.675,0.65,0.7,0.1109,0.001169,0.001169,0.01189,0.01189,14,10.17182/hepdata.71310.v1/t7
pb276_p,p + p̄,Pb-Pb,2.76,0–5%,RAA,0.725,0.7,0.75,0.1224,0.001308,0.001308,0.01256,0.01256,15,10.17182/hepdata.71310.v1/t7
pb276_p,p + p̄,Pb-Pb,2.76,0–5%,RAA,0.775,0.75,0.8,0.1324,0.001445,0.001445,0.013,0.013,16,10.17182/hepdata.71310.v1/t7
pb276_p,p + p̄,Pb-Pb,2.76,0–5%,RAA,0.825,0.8,0.85,0.1458,0.001726,0.001726,0.01368,0.01368,17,10.17182/hepdata.71310.v1/t7
pb276_p,p + p̄,Pb-Pb,2.76,0–5%,RAA,0.875,0.85,0.9,0.1584,0.001959,0.001959,0.01449,0.01449,18,10.17182/hepdata.71310.v1/t7
pb276_p,p + p̄,Pb-Pb,2.76,0–5%,RAA,0.925,0.9,0.95,0.1773,0.002279,0.002279,0.01599,0.01599,19,10.17182/hepdata.71310.v1/t7
pb276_p,p + p̄,Pb-Pb,2.76,0–5%,RAA,0.975,0.95,1.0,0.195,0.002602,0.002602,0.01749,0.01749,20,10.17182/hepdata.71310.v1/t7
pb276_p,p + p̄,Pb-Pb,2.76,0–5%,RAA,1.05,1.0,1.1,0.2264,0.002276,0.002276,0.01986,0.01986,21,10.17182/hepdata.71310.v1/t7
pb276_p,p + p̄,Pb-Pb,2.76,0–5%,RAA,1.15,1.1,1.2,0.2747,0.003043,0.003043,0.02387,0.02387,22,10.17182/hepdata.71310.v1/t7
pb276_p,p + p̄,Pb-Pb,2.76,0–5%,RAA,1.25,1.2,1.3,0.3257,0.003873,0.003873,0.02816,0.02816,23,10.17182/hepdata.71310.v1/t7
pb276_p,p + p̄,Pb-Pb,2.76,0–5%,RAA,1.35,1.3,1.4,0.3837,0.005022,0.005022,0.03322,0.03322,24,10.17182/hepdata.71310.v1/t7
pb276_p,p + p̄,Pb-Pb,2.76,0–5%,RAA,1.45,1.4,1.5,0.4325,0.006013,0.006013,0.0379,0.0379,25,10.17182/hepdata.71310.v1/t7
pb276_p,p + p̄,Pb-Pb,2.76,0–5%,RAA,1.55,1.5,1.6,0.4987,0.006273,0.006273,0.03845,0.03845,26,10.17182/hepdata.71310.v1/t7
pb276_p,p + p̄,Pb-Pb,2.76,0–5%,RAA,1.65,1.6,1.7,0.5448,0.006997,0.006997,0.04392,0.04392,27,10.17182/hepdata.71310.v1/t7
pb276_p,p + p̄,Pb-Pb,2.76,0–5%,RAA,1.75,1.7,1.8,0.6018,0.008434,0.008434,0.04856,0.04856,28,10.17182/hepdata.71310.v1/t7
pb276_p,p + p̄,Pb-Pb,2.76,0–5%,RAA,1.85,1.8,1.9,0.6372,0.008968,0.008968,0.05387,0.05387,29,10.17182/hepdata.71310.v1/t7
pb276_p,p + p̄,Pb-Pb,2.76,0–5%,RAA,1.95,1.9,2.0,0.6954,0.01026,0.01026,0.05878,0.05878,30,10.17182/hepdata.71310.v1/t7
pb276_p,p + p̄,Pb-Pb,2.76,0–5%,RAA,2.05,2.0,2.1,0.7082,0.0118,0.0118,0.06099,0.06099,31,10.17182/hepdata.71310.v1/t7
pb276_p,p + p̄,Pb-Pb,2.76,0–5%,RAA,2.1500000000000004,2.1,2.2,0.7823,0.01382,0.01382,0.06547,0.06547,32,10.17182/hepdata.71310.v1/t7
pb276_p,p + p̄,Pb-Pb,2.76,0–5%,RAA,2.25,2.2,2.3,0.7864,0.01511,0.01511,0.06618,0.06618,33,10.17182/hepdata.71310.v1/t7
pb276_p,p + p̄,Pb-Pb,2.76,0–5%,RAA,2.3499999999999996,2.3,2.4,0.7997,0.01638,0.01638,0.06729,0.06729,34,10.17182/hepdata.71310.v1/t7
pb276_p,p + p̄,Pb-Pb,2.76,0–5%,RAA,2.45,2.4,2.5,0.8658,0.01954,0.01954,0.07503,0.07503,35,10.17182/hepdata.71310.v1/t7
pb276_p,p + p̄,Pb-Pb,2.76,0–5%,RAA,2.55,2.5,2.6,0.8316,0.02074,0.02074,0.07019,0.07019,36,10.17182/hepdata.71310.v1/t7
pb276_p,p + p̄,Pb-Pb,2.76,0–5%,RAA,2.6500000000000004,2.6,2.7,0.8407,0.02241,0.02241,0.0738,0.0738,37,10.17182/hepdata.71310.v1/t7
pb276_p,p + p̄,Pb-Pb,2.76,0–5%,RAA,2.75,2.7,2.8,0.8134,0.02323,0.02323,0.07396,0.07396,38,10.17182/hepdata.71310.v1/t7
pb276_p,p + p̄,Pb-Pb,2.76,0–5%,RAA,2.8499999999999996,2.8,2.9,0.8127,0.02533,0.02533,0.07296,0.07296,39,10.17182/hepdata.71310.v1/t7
pb276_p,p + p̄,Pb-Pb,2.76,0–5%,RAA,2.95,2.9,3.0,0.7946,0.02622,0.02622,0.07599,0.07599,40,10.17182/hepdata.71310.v1/t7
pb276_p,p + p̄,Pb-Pb,2.76,0–5%,RAA,3.1,3.0,3.2,0.7529,0.02224,0.02224,0.07261,0.07261,41,10.17182/hepdata.71310.v1/t7
pb276_p,p + p̄,Pb-Pb,2.76,0–5%,RAA,3.3,3.2,3.4,0.7388,0.02141,0.02141,0.07667,0.07667,42,10.17182/hepdata.71310.v1/t7
pb276_p,p + p̄,Pb-Pb,2.76,0–5%,RAA,3.5,3.4,3.6,0.7085,0.0246,0.0246,0.07266,0.07266,43,10.17182/hepdata.71310.v1/t7
pb276_p,p + p̄,Pb-Pb,2.76,0–5%,RAA,3.7,3.6,3.8,0.6588,0.02323,0.02323,0.06911,0.06911,44,10.17182/hepdata.71310.v1/t7
pb276_p,p + p̄,Pb-Pb,2.76,0–5%,RAA,3.9,3.8,4.0,0.5953,0.02685,0.02685,0.06344,0.06344,45,10.17182/hepdata.71310.v1/t7
pb276_p,p + p̄,Pb-Pb,2.76,0–5%,RAA,4.25,4.0,4.5,0.5255,0.008755,0.008755,0.08608,0.08608,46,10.17182/hepdata.71310.v1/t7
pb276_p,p + p̄,Pb-Pb,2.76,0–5%,RAA,4.75,4.5,5.0,0.4544,0.01011,0.01011,0.07277,0.07277,47,10.17182/hepdata.71310.v1/t7
pb276_p,p + p̄,Pb-Pb,2.76,0–5%,RAA,5.25,5.0,5.5,0.363,0.01026,0.01026,0.05946,0.05946,48,10.17182/hepdata.71310.v1/t7
pb276_p,p + p̄,Pb-Pb,2.76,0–5%,RAA,5.75,5.5,6.0,0.3017,0.01085,0.01085,0.05039,0.05039,49,10.17182/hepdata.71310.v1/t7
pb276_p,p + p̄,Pb-Pb,2.76,0–5%,RAA,6.5,6.0,7.0,0.2487,0.008994,0.008994,0.04609,0.04609,51,10.17182/hepdata.71310.v1/t7
pb276_p,p + p̄,Pb-Pb,2.76,0–5%,RAA,7.5,7.0,8.0,0.2188,0.01433,0.01433,0.04401,0.04401,53,10.17182/hepdata.71310.v1/t7
pb276_p,p + p̄,Pb-Pb,2.76,0–5%,RAA,9.0,8.0,10.0,0.1964,0.0155,0.0155,0.04503,0.04503,55,10.17182/hepdata.71310.v1/t7
pb276_p,p + p̄,Pb-Pb,2.76,0–5%,RAA,11.0,10.0,12.0,0.1689,0.02865,0.02865,0.04569,0.04569,58,10.17182/hepdata.71310.v1/t7
pb276_p,p + p̄,Pb-Pb,2.76,0–5%,RAA,13.5,12.0,15.0,0.2517,0.07227,0.07227,0.0811,0.0811,61,10.17182/hepdata.71310.v1/t7
pb276_p,p + p̄,Pb-Pb,2.76,0–5%,RAA,17.5,15.0,20.0,0.2007,0.0724,0.0724,0.06717,0.06717,65,10.17182/hepdata.71310.v1/t7
pb276_pi0,π⁰,Pb-Pb,2.76,0–10%,RAA,1.1,1.0,1.2,0.3503286,0.01121307,0.01121307,0.02594052,0.02594052,0,10.17182/hepdata.83964.v1/t5
pb276_pi0,π⁰,Pb-Pb,2.76,0–10%,RAA,1.3,1.2,1.4,0.3901527,0.01124587,0.01124587,0.02550731,0.02550731,1,10.17182/hepdata.83964.v1/t5
pb276_pi0,π⁰,Pb-Pb,2.76,0–10%,RAA,1.5,1.4,1.6,0.3693854,0.01077542,0.01077542,0.02209828,0.02209828,2,10.17182/hepdata.83964.v1/t5
pb276_pi0,π⁰,Pb-Pb,2.76,0–10%,RAA,1.7,1.6,1.8,0.3880769,0.01173273,0.01173273,0.02161789,0.02161789,3,10.17182/hepdata.83964.v1/t5
pb276_pi0,π⁰,Pb-Pb,2.76,0–10%,RAA,1.9,1.8,2.0,0.344561,0.01192858,0.01192858,0.02047828,0.02047828,4,10.17182/hepdata.83964.v1/t5
pb276_pi0,π⁰,Pb-Pb,2.76,0–10%,RAA,2.1,2.0,2.2,0.3306639,0.01177416,0.01177416,0.01846393,0.01846393,5,10.17182/hepdata.83964.v1/t5
pb276_pi0,π⁰,Pb-Pb,2.76,0–10%,RAA,2.3,2.2,2.4,0.3340664,0.01330046,0.01330046,0.01925292,0.01925292,6,10.17182/hepdata.83964.v1/t5
pb276_pi0,π⁰,Pb-Pb,2.76,0–10%,RAA,2.5,2.4,2.6,0.282178,0.01275515,0.01275515,0.01491704,0.01491704,7,10.17182/hepdata.83964.v1/t5
pb276_pi0,π⁰,Pb-Pb,2.76,0–10%,RAA,2.8,2.6,3.0,0.2473348,0.009239885,0.009239885,0.01314932,0.01314932,8,10.17182/hepdata.83964.v1/t5
pb276_pi0,π⁰,Pb-Pb,2.76,0–10%,RAA,3.25,3.0,3.5,0.2176767,0.009524988,0.009524988,0.01230521,0.01230521,9,10.17182/hepdata.83964.v1/t5
pb276_pi0,π⁰,Pb-Pb,2.76,0–10%,RAA,3.75,3.5,4.0,0.187283,0.01163877,0.01163877,0.01013183,0.01013183,10,10.17182/hepdata.83964.v1/t5
pb276_pi0,π⁰,Pb-Pb,2.76,0–10%,RAA,4.5,4.0,5.0,0.1443765,0.007399959,0.007399959,0.008188124,0.008188124,11,10.17182/hepdata.83964.v1/t5
pb276_pi0,π⁰,Pb-Pb,2.76,0–10%,RAA,5.5,5.0,6.0,0.1421629,0.01024274,0.01024274,0.009629574,0.009629574,12,10.17182/hepdata.83964.v1/t5
pb276_pi0,π⁰,Pb-Pb,2.76,0–10%,RAA,7.0,6.0,8.0,0.1180682,0.007914333,0.007914333,0.009380358,0.009380358,13,10.17182/hepdata.83964.v1/t5
pb276_pi0,π⁰,Pb-Pb,2.76,0–10%,RAA,9.0,8.0,10.0,0.1454577,0.00605984,0.00605984,0.01291818,0.01291818,14,10.17182/hepdata.83964.v1/t5
pb276_pi0,π⁰,Pb-Pb,2.76,0–10%,RAA,11.0,10.0,12.0,0.1480917,0.01022878,0.01022878,0.01470908,0.01470908,15,10.17182/hepdata.83964.v1/t5
pb276_pi0,π⁰,Pb-Pb,2.76,0–10%,RAA,13.0,12.0,14.0,0.1882728,0.01630044,0.01630044,0.02498255,0.02498255,16,10.17182/hepdata.83964.v1/t5
pb276_pi0,π⁰,Pb-Pb,2.76,0–10%,RAA,15.5,14.0,17.0,0.1902008,0.01038276,0.01038276,0.04861923,0.04861923,17,10.17182/hepdata.83964.v1/t5
pb276_pi0,π⁰,Pb-Pb,2.76,0–10%,RAA,18.5,17.0,20.0,0.240398,0.0187222,0.0187222,0.06931189,0.06931189,18,10.17182/hepdata.83964.v1/t5
pb276_eta,η,Pb-Pb,2.76,0–10%,RAA,1.25,1.0,1.5,0.4982817,0.161066,0.161066,0.1300107,0.1300107,0,10.17182/hepdata.83964.v1/t7
pb276_eta,η,Pb-Pb,2.76,0–10%,RAA,1.75,1.5,2.0,0.4920547,0.1408247,0.1408247,0.1051048,0.1051048,1,10.17182/hepdata.83964.v1/t7
pb276_eta,η,Pb-Pb,2.76,0–10%,RAA,2.5,2.0,3.0,0.4423092,0.08443605,0.08443605,0.0789167,0.0789167,2,10.17182/hepdata.83964.v1/t7
pb276_eta,η,Pb-Pb,2.76,0–10%,RAA,3.5,3.0,4.0,0.2585696,0.05729917,0.05729917,0.04812423,0.04812423,3,10.17182/hepdata.83964.v1/t7
pb276_eta,η,Pb-Pb,2.76,0–10%,RAA,5.0,4.0,6.0,0.1101894,0.01320016,0.01320016,0.01689691,0.01689691,4,10.17182/hepdata.83964.v1/t7
pb276_eta,η,Pb-Pb,2.76,0–10%,RAA,7.0,6.0,8.0,0.1067985,0.009822699,0.009822699,0.01579535,0.01579535,5,10.17182/hepdata.83964.v1/t7
pb276_eta,η,Pb-Pb,2.76,0–10%,RAA,9.0,8.0,10.0,0.1404146,0.01446276,0.01446276,0.02117097,0.02117097,6,10.17182/hepdata.83964.v1/t7
pb276_eta,η,Pb-Pb,2.76,0–10%,RAA,11.0,10.0,12.0,0.1469927,0.01605335,0.01605335,0.02652812,0.02652812,7,10.17182/hepdata.83964.v1/t7
pb276_eta,η,Pb-Pb,2.76,0–10%,RAA,13.0,12.0,14.0,0.184809,0.02286597,0.02286597,0.03505386,0.03505386,8,10.17182/hepdata.83964.v1/t7
pb276_eta,η,Pb-Pb,2.76,0–10%,RAA,15.5,14.0,17.0,0.1725918,0.01824836,0.01824836,0.03921231,0.03921231,9,10.17182/hepdata.83964.v1/t7
pb276_eta,η,Pb-Pb,2.76,0–10%,RAA,18.5,17.0,20.0,0.2404827,0.03465175,0.03465175,0.06079391,0.06079391,10,10.17182/hepdata.83964.v1/t7
pb276_b_e,Beauty → e,Pb-Pb,2.76,0–20%,RAA,1.4,1.3,1.5,1.86,0.338,0.338,0.906,0.906,0,10.17182/hepdata.77904.v1/t4
pb276_b_e,Beauty → e,Pb-Pb,2.76,0–20%,RAA,1.75,1.5,2.0,1.88,0.236,0.236,0.722,0.722,1,10.17182/hepdata.77904.v1/t4
pb276_b_e,Beauty → e,Pb-Pb,2.76,0–20%,RAA,2.25,2.0,2.5,1.61,0.207,0.207,0.574,0.574,2,10.17182/hepdata.77904.v1/t4
pb276_b_e,Beauty → e,Pb-Pb,2.76,0–20%,RAA,2.75,2.5,3.0,1.23,0.184,0.184,0.364,0.364,3,10.17182/hepdata.77904.v1/t4
pb276_b_e,Beauty → e,Pb-Pb,2.76,0–20%,RAA,3.5,3.0,4.0,0.705,0.0836,0.0836,0.193,0.193,4,10.17182/hepdata.77904.v1/t4
pb276_b_e,Beauty → e,Pb-Pb,2.76,0–20%,RAA,4.5,4.0,5.0,0.703,0.102,0.102,0.214,0.214,5,10.17182/hepdata.77904.v1/t4
pb276_b_e,Beauty → e,Pb-Pb,2.76,0–20%,RAA,5.5,5.0,6.0,0.666,0.141,0.141,0.18,0.18,6,10.17182/hepdata.77904.v1/t4
pb276_b_e,Beauty → e,Pb-Pb,2.76,0–20%,RAA,7.0,6.0,8.0,0.481,0.0947,0.0947,0.124,0.124,7,10.17182/hepdata.77904.v1/t4
pb276_fulljet,"Full jets R=0.2, lead>5",Pb-Pb,2.76,0–10%,RAA,45.0,40.0,50.0,0.29,0.0191,0.0191,0.036367567969277245,0.036367567969277245,0,10.17182/hepdata.68483.v1/t6
pb276_fulljet,"Full jets R=0.2, lead>5",Pb-Pb,2.76,0–10%,RAA,55.0,50.0,60.0,0.279,0.0268,0.0268,0.03372396180759313,0.03372396180759313,1,10.17182/hepdata.68483.v1/t6
pb276_fulljet,"Full jets R=0.2, lead>5",Pb-Pb,2.76,0–10%,RAA,65.0,60.0,70.0,0.263,0.0345,0.0345,0.03687817782917155,0.03687817782917155,2,10.17182/hepdata.68483.v1/t6
pb276_fulljet,"Full jets R=0.2, lead>5",Pb-Pb,2.76,0–10%,RAA,80.0,70.0,90.0,0.355,0.052,0.052,0.04893883938141566,0.04893883938141566,3,10.17182/hepdata.68483.v1/t6
pb276_fulljet,"Full jets R=0.2, lead>5",Pb-Pb,2.76,0–10%,RAA,105.0,90.0,120.0,0.362,0.0887,0.0887,0.05234816138127489,0.05234816138127489,4,10.17182/hepdata.68483.v1/t6
q_h,"h± (ZNA hybrid, Pb-side)",p-Pb,5.02,0–5%,QpPb,0.175,0.15,0.2,0.4459,0.0004,0.0004,0.0396,0.0396,0,10.17182/hepdata.68361.v1/t9
q_h,"h± (ZNA hybrid, Pb-side)",p-Pb,5.02,0–5%,QpPb,0.225,0.2,0.25,0.4385,0.0003,0.0003,0.0324,0.0324,1,10.17182/hepdata.68361.v1/t9
q_h,"h± (ZNA hybrid, Pb-side)",p-Pb,5.02,0–5%,QpPb,0.275,0.25,0.3,0.4401,0.0003,0.0003,0.0327,0.0327,2,10.17182/hepdata.68361.v1/t9
q_h,"h± (ZNA hybrid, Pb-side)",p-Pb,5.02,0–5%,QpPb,0.32499999999999996,0.3,0.35,0.4465,0.0003,0.0003,0.0348,0.0348,3,10.17182/hepdata.68361.v1/t9
q_h,"h± (ZNA hybrid, Pb-side)",p-Pb,5.02,0–5%,QpPb,0.375,0.35,0.4,0.4563,0.0003,0.0003,0.037,0.037,4,10.17182/hepdata.68361.v1/t9
q_h,"h± (ZNA hybrid, Pb-side)",p-Pb,5.02,0–5%,QpPb,0.42500000000000004,0.4,0.45,0.4688,0.0003,0.0003,0.0397,0.0397,5,10.17182/hepdata.68361.v1/t9
q_h,"h± (ZNA hybrid, Pb-side)",p-Pb,5.02,0–5%,QpPb,0.475,0.45,0.5,0.4843,0.0003,0.0003,0.0407,0.0407,6,10.17182/hepdata.68361.v1/t9
q_h,"h± (ZNA hybrid, Pb-side)",p-Pb,5.02,0–5%,QpPb,0.525,0.5,0.55,0.5022,0.0003,0.0003,0.0414,0.0414,7,10.17182/hepdata.68361.v1/t9
q_h,"h± (ZNA hybrid, Pb-side)",p-Pb,5.02,0–5%,QpPb,0.575,0.55,0.6,0.5206,0.0004,0.0004,0.042,0.042,8,10.17182/hepdata.68361.v1/t9
q_h,"h± (ZNA hybrid, Pb-side)",p-Pb,5.02,0–5%,QpPb,0.625,0.6,0.65,0.5391,0.0004,0.0004,0.0421,0.0421,9,10.17182/hepdata.68361.v1/t9
q_h,"h± (ZNA hybrid, Pb-side)",p-Pb,5.02,0–5%,QpPb,0.675,0.65,0.7,0.5582,0.0004,0.0004,0.0435,0.0435,10,10.17182/hepdata.68361.v1/t9
q_h,"h± (ZNA hybrid, Pb-side)",p-Pb,5.02,0–5%,QpPb,0.725,0.7,0.75,0.5783,0.0005,0.0005,0.0449,0.0449,11,10.17182/hepdata.68361.v1/t9
q_h,"h± (ZNA hybrid, Pb-side)",p-Pb,5.02,0–5%,QpPb,0.775,0.75,0.8,0.5983,0.0005,0.0005,0.0463,0.0463,12,10.17182/hepdata.68361.v1/t9
q_h,"h± (ZNA hybrid, Pb-side)",p-Pb,5.02,0–5%,QpPb,0.825,0.8,0.85,0.6171,0.0006,0.0006,0.0476,0.0476,13,10.17182/hepdata.68361.v1/t9
q_h,"h± (ZNA hybrid, Pb-side)",p-Pb,5.02,0–5%,QpPb,0.875,0.85,0.9,0.6335,0.0006,0.0006,0.0486,0.0486,14,10.17182/hepdata.68361.v1/t9
q_h,"h± (ZNA hybrid, Pb-side)",p-Pb,5.02,0–5%,QpPb,0.925,0.9,0.95,0.6495,0.0007,0.0007,0.0497,0.0497,15,10.17182/hepdata.68361.v1/t9
q_h,"h± (ZNA hybrid, Pb-side)",p-Pb,5.02,0–5%,QpPb,0.975,0.95,1.0,0.6663,0.0008,0.0008,0.0508,0.0508,16,10.17182/hepdata.68361.v1/t9
q_h,"h± (ZNA hybrid, Pb-side)",p-Pb,5.02,0–5%,QpPb,1.05,1.0,1.1,0.694,0.0006,0.0006,0.053,0.053,17,10.17182/hepdata.68361.v1/t9
q_h,"h± (ZNA hybrid, Pb-side)",p-Pb,5.02,0–5%,QpPb,1.15,1.1,1.2,0.7287,0.0007,0.0007,0.056,0.056,18,10.17182/hepdata.68361.v1/t9
q_h,"h± (ZNA hybrid, Pb-side)",p-Pb,5.02,0–5%,QpPb,1.25,1.2,1.3,0.7618,0.0008,0.0008,0.0614,0.0614,19,10.17182/hepdata.68361.v1/t9
q_h,"h± (ZNA hybrid, Pb-side)",p-Pb,5.02,0–5%,QpPb,1.35,1.3,1.4,0.7936,0.0009,0.0009,0.0639,0.0639,20,10.17182/hepdata.68361.v1/t9
q_h,"h± (ZNA hybrid, Pb-side)",p-Pb,5.02,0–5%,QpPb,1.45,1.4,1.5,0.8247,0.001,0.001,0.0631,0.0631,21,10.17182/hepdata.68361.v1/t9
q_h,"h± (ZNA hybrid, Pb-side)",p-Pb,5.02,0–5%,QpPb,1.55,1.5,1.6,0.8513,0.0012,0.0012,0.0649,0.0649,22,10.17182/hepdata.68361.v1/t9
q_h,"h± (ZNA hybrid, Pb-side)",p-Pb,5.02,0–5%,QpPb,1.65,1.6,1.7,0.873,0.0013,0.0013,0.0677,0.0677,23,10.17182/hepdata.68361.v1/t9
q_h,"h± (ZNA hybrid, Pb-side)",p-Pb,5.02,0–5%,QpPb,1.75,1.7,1.8,0.9026,0.0015,0.0015,0.0696,0.0696,24,10.17182/hepdata.68361.v1/t9
q_h,"h± (ZNA hybrid, Pb-side)",p-Pb,5.02,0–5%,QpPb,1.85,1.8,1.9,0.9281,0.0017,0.0017,0.0706,0.0706,25,10.17182/hepdata.68361.v1/t9
q_h,"h± (ZNA hybrid, Pb-side)",p-Pb,5.02,0–5%,QpPb,1.95,1.9,2.0,0.956,0.0019,0.0019,0.0721,0.0721,26,10.17182/hepdata.68361.v1/t9
q_h,"h± (ZNA hybrid, Pb-side)",p-Pb,5.02,0–5%,QpPb,2.1,2.0,2.2,0.9805,0.0016,0.0016,0.0739,0.0739,27,10.17182/hepdata.68361.v1/t9
q_h,"h± (ZNA hybrid, Pb-side)",p-Pb,5.02,0–5%,QpPb,2.3,2.2,2.4,1.0162,0.0019,0.0019,0.0767,0.0767,28,10.17182/hepdata.68361.v1/t9
q_h,"h± (ZNA hybrid, Pb-side)",p-Pb,5.02,0–5%,QpPb,2.5,2.4,2.6,1.0485,0.0024,0.0024,0.0789,0.0789,29,10.17182/hepdata.68361.v1/t9
q_h,"h± (ZNA hybrid, Pb-side)",p-Pb,5.02,0–5%,QpPb,2.7,2.6,2.8,1.0704,0.0027,0.0027,0.0803,0.0803,30,10.17182/hepdata.68361.v1/t9
q_h,"h± (ZNA hybrid, Pb-side)",p-Pb,5.02,0–5%,QpPb,2.9,2.8,3.0,1.0823,0.0035,0.0035,0.0813,0.0813,31,10.17182/hepdata.68361.v1/t9
q_h,"h± (ZNA hybrid, Pb-side)",p-Pb,5.02,0–5%,QpPb,3.1,3.0,3.2,1.094,0.0036,0.0036,0.0821,0.0821,32,10.17182/hepdata.68361.v1/t9
q_h,"h± (ZNA hybrid, Pb-side)",p-Pb,5.02,0–5%,QpPb,3.3,3.2,3.4,1.0963,0.0041,0.0041,0.0823,0.0823,33,10.17182/hepdata.68361.v1/t9
q_h,"h± (ZNA hybrid, Pb-side)",p-Pb,5.02,0–5%,QpPb,3.5,3.4,3.6,1.0872,0.0046,0.0046,0.0815,0.0815,34,10.17182/hepdata.68361.v1/t9
q_h,"h± (ZNA hybrid, Pb-side)",p-Pb,5.02,0–5%,QpPb,3.7,3.6,3.8,1.0896,0.0051,0.0051,0.0815,0.0815,35,10.17182/hepdata.68361.v1/t9
q_h,"h± (ZNA hybrid, Pb-side)",p-Pb,5.02,0–5%,QpPb,3.9,3.8,4.0,1.1052,0.0058,0.0058,0.0828,0.0828,36,10.17182/hepdata.68361.v1/t9
q_h,"h± (ZNA hybrid, Pb-side)",p-Pb,5.02,0–5%,QpPb,4.25,4.0,4.5,1.1064,0.0049,0.0049,0.083,0.083,37,10.17182/hepdata.68361.v1/t9
q_h,"h± (ZNA hybrid, Pb-side)",p-Pb,5.02,0–5%,QpPb,4.75,4.5,5.0,1.086,0.006,0.006,0.0813,0.0813,38,10.17182/hepdata.68361.v1/t9
q_h,"h± (ZNA hybrid, Pb-side)",p-Pb,5.02,0–5%,QpPb,5.25,5.0,5.5,1.0714,0.0072,0.0072,0.0853,0.0853,39,10.17182/hepdata.68361.v1/t9
q_h,"h± (ZNA hybrid, Pb-side)",p-Pb,5.02,0–5%,QpPb,5.75,5.5,6.0,1.0627,0.009,0.009,0.0835,0.0835,40,10.17182/hepdata.68361.v1/t9
q_h,"h± (ZNA hybrid, Pb-side)",p-Pb,5.02,0–5%,QpPb,6.25,6.0,6.5,1.0604,0.0111,0.0111,0.0826,0.0826,41,10.17182/hepdata.68361.v1/t9
q_h,"h± (ZNA hybrid, Pb-side)",p-Pb,5.02,0–5%,QpPb,6.75,6.5,7.0,1.0196,0.0131,0.0131,0.0788,0.0788,42,10.17182/hepdata.68361.v1/t9
q_h,"h± (ZNA hybrid, Pb-side)",p-Pb,5.02,0–5%,QpPb,7.5,7.0,8.0,1.0102,0.0119,0.0119,0.0776,0.0776,43,10.17182/hepdata.68361.v1/t9
q_h,"h± (ZNA hybrid, Pb-side)",p-Pb,5.02,0–5%,QpPb,8.5,8.0,9.0,0.9862,0.0161,0.0161,0.076,0.076,44,10.17182/hepdata.68361.v1/t9
q_h,"h± (ZNA hybrid, Pb-side)",p-Pb,5.02,0–5%,QpPb,9.5,9.0,10.0,0.9567,0.0209,0.0209,0.0734,0.0734,45,10.17182/hepdata.68361.v1/t9
q_h,"h± (ZNA hybrid, Pb-side)",p-Pb,5.02,0–5%,QpPb,10.5,10.0,11.0,0.9509,0.0256,0.0256,0.0731,0.0731,46,10.17182/hepdata.68361.v1/t9
q_h,"h± (ZNA hybrid, Pb-side)",p-Pb,5.02,0–5%,QpPb,11.5,11.0,12.0,0.9902,0.0324,0.0324,0.0767,0.0767,47,10.17182/hepdata.68361.v1/t9
q_h,"h± (ZNA hybrid, Pb-side)",p-Pb,5.02,0–5%,QpPb,12.5,12.0,13.0,0.9145,0.0385,0.0385,0.0694,0.0694,48,10.17182/hepdata.68361.v1/t9
q_h,"h± (ZNA hybrid, Pb-side)",p-Pb,5.02,0–5%,QpPb,13.5,13.0,14.0,0.9779,0.0482,0.0482,0.0745,0.0745,49,10.17182/hepdata.68361.v1/t9
q_h,"h± (ZNA hybrid, Pb-side)",p-Pb,5.02,0–5%,QpPb,14.5,14.0,15.0,0.9081,0.0558,0.0558,0.0705,0.0705,50,10.17182/hepdata.68361.v1/t9
q_h,"h± (ZNA hybrid, Pb-side)",p-Pb,5.02,0–5%,QpPb,15.5,15.0,16.0,0.8769,0.0645,0.0645,0.0689,0.0689,51,10.17182/hepdata.68361.v1/t9
q_h,"h± (ZNA hybrid, Pb-side)",p-Pb,5.02,0–5%,QpPb,17.0,16.0,18.0,0.9249,0.0591,0.0591,0.0735,0.0735,52,10.17182/hepdata.68361.v1/t9
q_h,"h± (ZNA hybrid, Pb-side)",p-Pb,5.02,0–5%,QpPb,19.0,18.0,20.0,0.9287,0.0803,0.0803,0.0751,0.0751,53,10.17182/hepdata.68361.v1/t9
q_h,"h± (ZNA hybrid, Pb-side)",p-Pb,5.02,0–5%,QpPb,21.0,20.0,22.0,0.9279,0.1012,0.1012,0.0758,0.0758,54,10.17182/hepdata.68361.v1/t9
q_h,"h± (ZNA hybrid, Pb-side)",p-Pb,5.02,0–5%,QpPb,23.0,22.0,24.0,0.971,0.1287,0.1287,0.0786,0.0786,55,10.17182/hepdata.68361.v1/t9
q_h,"h± (ZNA hybrid, Pb-side)",p-Pb,5.02,0–5%,QpPb,26.0,24.0,28.0,0.6051,0.0977,0.0977,0.0733,0.0733,56,10.17182/hepdata.68361.v1/t9
q_h,"h± (ZNA hybrid, Pb-side)",p-Pb,5.02,0–5%,QpPb,30.0,28.0,32.0,1.0348,0.1879,0.1879,0.121,0.121,57,10.17182/hepdata.68361.v1/t9
q_chjet2,Charged jets R=0.2 (ZNA),p-Pb,5.02,0–20%,QpPb,25.0,20.0,30.0,0.978,0.015,0.015,0.084,0.084,0,10.17182/hepdata.72903.v1/t13
q_chjet2,Charged jets R=0.2 (ZNA),p-Pb,5.02,0–20%,QpPb,35.0,30.0,40.0,1.024,0.026,0.026,0.092,0.092,1,10.17182/hepdata.72903.v1/t13
q_chjet2,Charged jets R=0.2 (ZNA),p-Pb,5.02,0–20%,QpPb,45.0,40.0,50.0,0.934,0.032,0.032,0.1,0.1,2,10.17182/hepdata.72903.v1/t13
q_chjet2,Charged jets R=0.2 (ZNA),p-Pb,5.02,0–20%,QpPb,55.0,50.0,60.0,0.925,0.045,0.045,0.1,0.1,3,10.17182/hepdata.72903.v1/t13
q_chjet2,Charged jets R=0.2 (ZNA),p-Pb,5.02,0–20%,QpPb,65.0,60.0,70.0,0.949,0.061,0.061,0.1,0.1,4,10.17182/hepdata.72903.v1/t13
q_chjet2,Charged jets R=0.2 (ZNA),p-Pb,5.02,0–20%,QpPb,75.0,70.0,80.0,0.976,0.08,0.08,0.1,0.1,5,10.17182/hepdata.72903.v1/t13
q_chjet2,Charged jets R=0.2 (ZNA),p-Pb,5.02,0–20%,QpPb,90.0,80.0,100.0,1.05,0.11,0.11,0.13,0.13,6,10.17182/hepdata.72903.v1/t13
q_chjet2,Charged jets R=0.2 (ZNA),p-Pb,5.02,0–20%,QpPb,110.0,100.0,120.0,1.05,0.13,0.13,0.19,0.19,7,10.17182/hepdata.72903.v1/t13
q_chjet4,Charged jets R=0.4 (ZNA),p-Pb,5.02,0–20%,QpPb,25.0,20.0,30.0,1.056,0.012,0.012,0.1,0.1,0,10.17182/hepdata.72903.v1/t18
q_chjet4,Charged jets R=0.4 (ZNA),p-Pb,5.02,0–20%,QpPb,35.0,30.0,40.0,1.038,0.021,0.021,0.12,0.12,1,10.17182/hepdata.72903.v1/t18
q_chjet4,Charged jets R=0.4 (ZNA),p-Pb,5.02,0–20%,QpPb,45.0,40.0,50.0,0.962,0.026,0.026,0.11,0.11,2,10.17182/hepdata.72903.v1/t18
q_chjet4,Charged jets R=0.4 (ZNA),p-Pb,5.02,0–20%,QpPb,55.0,50.0,60.0,0.957,0.038,0.038,0.11,0.11,3,10.17182/hepdata.72903.v1/t18
q_chjet4,Charged jets R=0.4 (ZNA),p-Pb,5.02,0–20%,QpPb,65.0,60.0,70.0,0.965,0.052,0.052,0.11,0.11,4,10.17182/hepdata.72903.v1/t18
q_chjet4,Charged jets R=0.4 (ZNA),p-Pb,5.02,0–20%,QpPb,75.0,70.0,80.0,0.97,0.076,0.076,0.11,0.11,5,10.17182/hepdata.72903.v1/t18
q_chjet4,Charged jets R=0.4 (ZNA),p-Pb,5.02,0–20%,QpPb,90.0,80.0,100.0,1.0,0.11,0.11,0.13,0.13,6,10.17182/hepdata.72903.v1/t18
q_chjet4,Charged jets R=0.4 (ZNA),p-Pb,5.02,0–20%,QpPb,110.0,100.0,120.0,1.05,0.15,0.15,0.17,0.17,7,10.17182/hepdata.72903.v1/t18
q_jpsi_Pb-going,J/ψ (Pb-going),p-Pb,5.02,2–10%,QpPb,0.5,0.0,1.0,0.94,0.05,0.05,0.1,0.1,0,10.17182/hepdata.69212.v1/t10
q_jpsi_Pb-going,J/ψ (Pb-going),p-Pb,5.02,2–10%,QpPb,1.5,1.0,2.0,1.19,0.04,0.04,0.12,0.12,1,10.17182/hepdata.69212.v1/t10
q_jpsi_Pb-going,J/ψ (Pb-going),p-Pb,5.02,2–10%,QpPb,2.5,2.0,3.0,1.21,0.04,0.04,0.12,0.12,2,10.17182/hepdata.69212.v1/t10
q_jpsi_Pb-going,J/ψ (Pb-going),p-Pb,5.02,2–10%,QpPb,3.5,3.0,4.0,1.25,0.05,0.05,0.12,0.12,3,10.17182/hepdata.69212.v1/t10
q_jpsi_Pb-going,J/ψ (Pb-going),p-Pb,5.02,2–10%,QpPb,4.5,4.0,5.0,1.45,0.08,0.08,0.14,0.14,4,10.17182/hepdata.69212.v1/t10
q_jpsi_Pb-going,J/ψ (Pb-going),p-Pb,5.02,2–10%,QpPb,5.5,5.0,6.0,1.4,0.08,0.08,0.15,0.15,5,10.17182/hepdata.69212.v1/t10
q_jpsi_Pb-going,J/ψ (Pb-going),p-Pb,5.02,2–10%,QpPb,7.0,6.0,8.0,1.33,0.09,0.09,0.18,0.18,6,10.17182/hepdata.69212.v1/t10
q_jpsi_p-going,J/ψ (p-going),p-Pb,5.02,2–10%,QpPb,0.5,0.0,1.0,0.56,0.03,0.03,0.05,0.05,0,10.17182/hepdata.69212.v1/t11
q_jpsi_p-going,J/ψ (p-going),p-Pb,5.02,2–10%,QpPb,1.5,1.0,2.0,0.59,0.02,0.02,0.05,0.05,1,10.17182/hepdata.69212.v1/t11
q_jpsi_p-going,J/ψ (p-going),p-Pb,5.02,2–10%,QpPb,2.5,2.0,3.0,0.64,0.03,0.03,0.06,0.06,2,10.17182/hepdata.69212.v1/t11
q_jpsi_p-going,J/ψ (p-going),p-Pb,5.02,2–10%,QpPb,3.5,3.0,4.0,0.78,0.03,0.03,0.07,0.07,3,10.17182/hepdata.69212.v1/t11
q_jpsi_p-going,J/ψ (p-going),p-Pb,5.02,2–10%,QpPb,4.5,4.0,5.0,0.92,0.04,0.04,0.08,0.08,4,10.17182/hepdata.69212.v1/t11
q_jpsi_p-going,J/ψ (p-going),p-Pb,5.02,2–10%,QpPb,5.5,5.0,6.0,0.91,0.05,0.05,0.09,0.09,5,10.17182/hepdata.69212.v1/t11
q_jpsi_p-going,J/ψ (p-going),p-Pb,5.02,2–10%,QpPb,7.0,6.0,8.0,0.94,0.05,0.05,0.11,0.11,6,10.17182/hepdata.69212.v1/t11
q_jpsi_Pb-going816,J/ψ (Pb-going),p-Pb,8.16,2–10%,QpPb,0.5,0.0,1.0,0.876,0.039,0.039,0.067,0.067,0,10.17182/hepdata.100166.v1/t6
q_jpsi_Pb-going816,J/ψ (Pb-going),p-Pb,8.16,2–10%,QpPb,1.5,1.0,2.0,1.01,0.024,0.024,0.079,0.079,1,10.17182/hepdata.100166.v1/t6
q_jpsi_Pb-going816,J/ψ (Pb-going),p-Pb,8.16,2–10%,QpPb,2.5,2.0,3.0,1.208,0.028,0.028,0.086,0.086,2,10.17182/hepdata.100166.v1/t6
q_jpsi_Pb-going816,J/ψ (Pb-going),p-Pb,8.16,2–10%,QpPb,3.5,3.0,4.0,1.312,0.03,0.03,0.094,0.094,3,10.17182/hepdata.100166.v1/t6
q_jpsi_Pb-going816,J/ψ (Pb-going),p-Pb,8.16,2–10%,QpPb,4.5,4.0,5.0,1.38,0.036,0.036,0.095,0.095,4,10.17182/hepdata.100166.v1/t6
q_jpsi_Pb-going816,J/ψ (Pb-going),p-Pb,8.16,2–10%,QpPb,5.5,5.0,6.0,1.367,0.045,0.045,0.097,0.097,5,10.17182/hepdata.100166.v1/t6
q_jpsi_Pb-going816,J/ψ (Pb-going),p-Pb,8.16,2–10%,QpPb,7.0,6.0,8.0,1.333,0.043,0.043,0.097,0.097,6,10.17182/hepdata.100166.v1/t6
q_jpsi_Pb-going816,J/ψ (Pb-going),p-Pb,8.16,2–10%,QpPb,9.0,8.0,10.0,1.235,0.066,0.066,0.084,0.084,7,10.17182/hepdata.100166.v1/t6
q_jpsi_Pb-going816,J/ψ (Pb-going),p-Pb,8.16,2–10%,QpPb,13.0,10.0,16.0,1.345,0.104,0.104,0.089,0.089,8,10.17182/hepdata.100166.v1/t6
q_jpsi_p-going816,J/ψ (p-going),p-Pb,8.16,2–10%,QpPb,0.5,0.0,1.0,0.524,0.024,0.024,0.04,0.04,0,10.17182/hepdata.100166.v1/t7
q_jpsi_p-going816,J/ψ (p-going),p-Pb,8.16,2–10%,QpPb,1.5,1.0,2.0,0.544,0.018,0.018,0.039,0.039,1,10.17182/hepdata.100166.v1/t7
q_jpsi_p-going816,J/ψ (p-going),p-Pb,8.16,2–10%,QpPb,2.5,2.0,3.0,0.696,0.02,0.02,0.047,0.047,2,10.17182/hepdata.100166.v1/t7
q_jpsi_p-going816,J/ψ (p-going),p-Pb,8.16,2–10%,QpPb,3.5,3.0,4.0,0.744,0.024,0.024,0.048,0.048,3,10.17182/hepdata.100166.v1/t7
q_jpsi_p-going816,J/ψ (p-going),p-Pb,8.16,2–10%,QpPb,4.5,4.0,5.0,0.844,0.028,0.028,0.055,0.055,4,10.17182/hepdata.100166.v1/t7
q_jpsi_p-going816,J/ψ (p-going),p-Pb,8.16,2–10%,QpPb,5.5,5.0,6.0,0.906,0.035,0.035,0.056,0.056,5,10.17182/hepdata.100166.v1/t7
q_jpsi_p-going816,J/ψ (p-going),p-Pb,8.16,2–10%,QpPb,7.0,6.0,8.0,0.972,0.033,0.033,0.054,0.054,6,10.17182/hepdata.100166.v1/t7
q_jpsi_p-going816,J/ψ (p-going),p-Pb,8.16,2–10%,QpPb,9.0,8.0,10.0,0.914,0.054,0.054,0.053,0.053,7,10.17182/hepdata.100166.v1/t7
q_jpsi_p-going816,J/ψ (p-going),p-Pb,8.16,2–10%,QpPb,13.0,10.0,16.0,1.042,0.066,0.066,0.056,0.056,8,10.17182/hepdata.100166.v1/t7
pa_h,h±,p-Pb,5.02,NSD,RpPb,0.175,0.15,0.2,0.570706,0.00013519,0.00013519,0.029217,0.029217,0,10.17182/hepdata.86210.v1/t9
pa_h,h±,p-Pb,5.02,NSD,RpPb,0.225,0.2,0.25,0.552972,9.0268e-05,9.0268e-05,0.016237,0.016237,1,10.17182/hepdata.86210.v1/t9
pa_h,h±,p-Pb,5.02,NSD,RpPb,0.275,0.25,0.3,0.558346,8.9246e-05,8.9246e-05,0.012802,0.012802,2,10.17182/hepdata.86210.v1/t9
pa_h,h±,p-Pb,5.02,NSD,RpPb,0.32499999999999996,0.3,0.35,0.560753,9.0963e-05,9.0963e-05,0.012858,0.012858,3,10.17182/hepdata.86210.v1/t9
pa_h,h±,p-Pb,5.02,NSD,RpPb,0.375,0.35,0.4,0.565935,9.4777e-05,9.4777e-05,0.014108,0.014108,4,10.17182/hepdata.86210.v1/t9
pa_h,h±,p-Pb,5.02,NSD,RpPb,0.42500000000000004,0.4,0.45,0.576539,0.0001011,0.0001011,0.014951,0.014951,5,10.17182/hepdata.86210.v1/t9
pa_h,h±,p-Pb,5.02,NSD,RpPb,0.475,0.45,0.5,0.590596,0.00011147,0.00011147,0.015315,0.015315,6,10.17182/hepdata.86210.v1/t9
pa_h,h±,p-Pb,5.02,NSD,RpPb,0.525,0.5,0.55,0.606026,0.00012502,0.00012502,0.015166,0.015166,7,10.17182/hepdata.86210.v1/t9
pa_h,h±,p-Pb,5.02,NSD,RpPb,0.575,0.55,0.6,0.620092,0.00013868,0.00013868,0.014696,0.014696,8,10.17182/hepdata.86210.v1/t9
pa_h,h±,p-Pb,5.02,NSD,RpPb,0.625,0.6,0.65,0.635736,0.00015463,0.00015463,0.01432,0.01432,9,10.17182/hepdata.86210.v1/t9
pa_h,h±,p-Pb,5.02,NSD,RpPb,0.675,0.65,0.7,0.652216,0.00017289,0.00017289,0.014154,0.014154,10,10.17182/hepdata.86210.v1/t9
pa_h,h±,p-Pb,5.02,NSD,RpPb,0.725,0.7,0.75,0.668458,0.0001914,0.0001914,0.014366,0.014366,11,10.17182/hepdata.86210.v1/t9
pa_h,h±,p-Pb,5.02,NSD,RpPb,0.775,0.75,0.8,0.685484,0.00021175,0.00021175,0.014514,0.014514,12,10.17182/hepdata.86210.v1/t9
pa_h,h±,p-Pb,5.02,NSD,RpPb,0.825,0.8,0.85,0.69992,0.00023274,0.00023274,0.014705,0.014705,13,10.17182/hepdata.86210.v1/t9
pa_h,h±,p-Pb,5.02,NSD,RpPb,0.875,0.85,0.9,0.715754,0.00025571,0.00025571,0.015163,0.015163,14,10.17182/hepdata.86210.v1/t9
pa_h,h±,p-Pb,5.02,NSD,RpPb,0.925,0.9,0.95,0.728719,0.00027902,0.00027902,0.016652,0.016652,15,10.17182/hepdata.86210.v1/t9
pa_h,h±,p-Pb,5.02,NSD,RpPb,0.975,0.95,1.0,0.74398,0.00030235,0.00030235,0.014543,0.014543,16,10.17182/hepdata.86210.v1/t9
pa_h,h±,p-Pb,5.02,NSD,RpPb,1.05,1.0,1.1,0.762051,0.00023612,0.00023612,0.013375,0.013375,17,10.17182/hepdata.86210.v1/t9
pa_h,h±,p-Pb,5.02,NSD,RpPb,1.15,1.1,1.2,0.7895,0.00026941,0.00026941,0.013207,0.013207,18,10.17182/hepdata.86210.v1/t9
pa_h,h±,p-Pb,5.02,NSD,RpPb,1.2999999999999998,1.2,1.4,0.825717,0.00022703,0.00022703,0.014955,0.014955,19,10.17182/hepdata.86210.v1/t9
pa_h,h±,p-Pb,5.02,NSD,RpPb,1.5,1.4,1.6,0.869264,0.00028903,0.00028903,0.016442,0.016442,20,10.17182/hepdata.86210.v1/t9
pa_h,h±,p-Pb,5.02,NSD,RpPb,1.7000000000000002,1.6,1.8,0.906718,0.00036189,0.00036189,0.018124,0.018124,21,10.17182/hepdata.86210.v1/t9
pa_h,h±,p-Pb,5.02,NSD,RpPb,1.9,1.8,2.0,0.936315,0.00044633,0.00044633,0.019581,0.019581,22,10.17182/hepdata.86210.v1/t9
pa_h,h±,p-Pb,5.02,NSD,RpPb,2.1,2.0,2.2,0.969027,0.00055434,0.00055434,0.021104,0.021104,23,10.17182/hepdata.86210.v1/t9
pa_h,h±,p-Pb,5.02,NSD,RpPb,2.3,2.2,2.4,0.993019,0.0006702,0.0006702,0.021867,0.021867,24,10.17182/hepdata.86210.v1/t9
pa_h,h±,p-Pb,5.02,NSD,RpPb,2.5,2.4,2.6,1.01433,0.0008033,0.0008033,0.022601,0.022601,25,10.17182/hepdata.86210.v1/t9
pa_h,h±,p-Pb,5.02,NSD,RpPb,2.7,2.6,2.8,1.025548,0.00094717,0.00094717,0.022859,0.022859,26,10.17182/hepdata.86210.v1/t9
pa_h,h±,p-Pb,5.02,NSD,RpPb,2.9,2.8,3.0,1.040328,0.0011155,0.0011155,0.023559,0.023559,27,10.17182/hepdata.86210.v1/t9
pa_h,h±,p-Pb,5.02,NSD,RpPb,3.1,3.0,3.2,1.047113,0.0012962,0.0012962,0.023615,0.023615,28,10.17182/hepdata.86210.v1/t9
pa_h,h±,p-Pb,5.02,NSD,RpPb,3.4000000000000004,3.2,3.6,1.055621,0.00112,0.00112,0.022967,0.022967,29,10.17182/hepdata.86210.v1/t9
pa_h,h±,p-Pb,5.02,NSD,RpPb,3.8,3.6,4.0,1.059961,0.0014537,0.0014537,0.022871,0.022871,30,10.17182/hepdata.86210.v1/t9
pa_h,h±,p-Pb,5.02,NSD,RpPb,4.5,4.0,5.0,1.052712,0.0013408,0.0013408,0.022161,0.022161,31,10.17182/hepdata.86210.v1/t9
pa_h,h±,p-Pb,5.02,NSD,RpPb,5.5,5.0,6.0,1.03436,0.0021914,0.0021914,0.018863,0.018863,32,10.17182/hepdata.86210.v1/t9
pa_h,h±,p-Pb,5.02,NSD,RpPb,7.0,6.0,8.0,1.005582,0.0026963,0.0026963,0.019093,0.019093,33,10.17182/hepdata.86210.v1/t9
pa_h,h±,p-Pb,5.02,NSD,RpPb,9.0,8.0,10.0,0.970626,0.0050909,0.0050909,0.019873,0.019873,34,10.17182/hepdata.86210.v1/t9
pa_h,h±,p-Pb,5.02,NSD,RpPb,11.5,10.0,13.0,0.958125,0.0076192,0.0076192,0.030508,0.030508,35,10.17182/hepdata.86210.v1/t9
pa_h,h±,p-Pb,5.02,NSD,RpPb,16.5,13.0,20.0,0.930689,0.011316,0.011316,0.041998,0.041998,36,10.17182/hepdata.86210.v1/t9
pa_h,h±,p-Pb,5.02,NSD,RpPb,25.0,20.0,30.0,0.958177,0.029559,0.029559,0.050786,0.050786,37,10.17182/hepdata.86210.v1/t9
pa_h,h±,p-Pb,5.02,NSD,RpPb,40.0,30.0,50.0,1.004444,0.071422,0.071422,0.079095,0.079095,38,10.17182/hepdata.86210.v1/t9
pa_pi,π±,p-Pb,5.02,NSD,RpPb,0.11,0.1,0.12,0.5318,0.0005,0.0005,0.0569,0.0569,0,10.17182/hepdata.73749.v1/t10
pa_pi,π±,p-Pb,5.02,NSD,RpPb,0.13,0.12,0.14,0.5247,0.0004,0.0004,0.0383,0.0383,1,10.17182/hepdata.73749.v1/t10
pa_pi,π±,p-Pb,5.02,NSD,RpPb,0.15000000000000002,0.14,0.16,0.517,0.0004,0.0004,0.0374,0.0374,2,10.17182/hepdata.73749.v1/t10
pa_pi,π±,p-Pb,5.02,NSD,RpPb,0.16999999999999998,0.16,0.18,0.5084,0.0003,0.0003,0.0368,0.0368,3,10.17182/hepdata.73749.v1/t10
pa_pi,π±,p-Pb,5.02,NSD,RpPb,0.19,0.18,0.2,0.501,0.0003,0.0003,0.0359,0.0359,4,10.17182/hepdata.73749.v1/t10
pa_pi,π±,p-Pb,5.02,NSD,RpPb,0.225,0.2,0.25,0.5034,0.0002,0.0002,0.0336,0.0336,5,10.17182/hepdata.73749.v1/t10
pa_pi,π±,p-Pb,5.02,NSD,RpPb,0.275,0.25,0.3,0.504,0.0002,0.0002,0.032,0.032,6,10.17182/hepdata.73749.v1/t10
pa_pi,π±,p-Pb,5.02,NSD,RpPb,0.32499999999999996,0.3,0.35,0.5114,0.0002,0.0002,0.028,0.028,7,10.17182/hepdata.73749.v1/t10
pa_pi,π±,p-Pb,5.02,NSD,RpPb,0.375,0.35,0.4,0.522,0.0003,0.0003,0.0287,0.0287,8,10.17182/hepdata.73749.v1/t10
pa_pi,π±,p-Pb,5.02,NSD,RpPb,0.42500000000000004,0.4,0.45,0.5347,0.0003,0.0003,0.0293,0.0293,9,10.17182/hepdata.73749.v1/t10
pa_pi,π±,p-Pb,5.02,NSD,RpPb,0.475,0.45,0.5,0.5502,0.0003,0.0003,0.0302,0.0302,10,10.17182/hepdata.73749.v1/t10
pa_pi,π±,p-Pb,5.02,NSD,RpPb,0.525,0.5,0.55,0.5635,0.0004,0.0004,0.0316,0.0316,11,10.17182/hepdata.73749.v1/t10
pa_pi,π±,p-Pb,5.02,NSD,RpPb,0.575,0.55,0.6,0.5816,0.0004,0.0004,0.0328,0.0328,12,10.17182/hepdata.73749.v1/t10
pa_pi,π±,p-Pb,5.02,NSD,RpPb,0.625,0.6,0.65,0.5847,0.0006,0.0006,0.0412,0.0412,13,10.17182/hepdata.73749.v1/t10
pa_pi,π±,p-Pb,5.02,NSD,RpPb,0.675,0.65,0.7,0.6053,0.0006,0.0006,0.0428,0.0428,14,10.17182/hepdata.73749.v1/t10
pa_pi,π±,p-Pb,5.02,NSD,RpPb,0.725,0.7,0.75,0.6285,0.0009,0.0009,0.0499,0.0499,15,10.17182/hepdata.73749.v1/t10
pa_pi,π±,p-Pb,5.02,NSD,RpPb,0.775,0.75,0.8,0.6443,0.0009,0.0009,0.0513,0.0513,16,10.17182/hepdata.73749.v1/t10
pa_pi,π±,p-Pb,5.02,NSD,RpPb,0.825,0.8,0.85,0.6622,0.001,0.001,0.0525,0.0525,17,10.17182/hepdata.73749.v1/t10
pa_pi,π±,p-Pb,5.02,NSD,RpPb,0.875,0.85,0.9,0.677,0.0011,0.0011,0.0538,0.0538,18,10.17182/hepdata.73749.v1/t10
pa_pi,π±,p-Pb,5.02,NSD,RpPb,0.925,0.9,0.95,0.694,0.0013,0.0013,0.0548,0.0548,19,10.17182/hepdata.73749.v1/t10
pa_pi,π±,p-Pb,5.02,NSD,RpPb,0.975,0.95,1.0,0.7099,0.0014,0.0014,0.0558,0.0558,20,10.17182/hepdata.73749.v1/t10
pa_pi,π±,p-Pb,5.02,NSD,RpPb,1.05,1.0,1.1,0.7321,0.001,0.001,0.0575,0.0575,21,10.17182/hepdata.73749.v1/t10
pa_pi,π±,p-Pb,5.02,NSD,RpPb,1.15,1.1,1.2,0.7632,0.0012,0.0012,0.0591,0.0591,22,10.17182/hepdata.73749.v1/t10
pa_pi,π±,p-Pb,5.02,NSD,RpPb,1.25,1.2,1.3,0.7848,0.0014,0.0014,0.0606,0.0606,23,10.17182/hepdata.73749.v1/t10
pa_pi,π±,p-Pb,5.02,NSD,RpPb,1.35,1.3,1.4,0.8082,0.0016,0.0016,0.0625,0.0625,24,10.17182/hepdata.73749.v1/t10
pa_pi,π±,p-Pb,5.02,NSD,RpPb,1.45,1.4,1.5,0.8215,0.0017,0.0017,0.0641,0.0641,25,10.17182/hepdata.73749.v1/t10
pa_pi,π±,p-Pb,5.02,NSD,RpPb,1.55,1.5,1.6,0.8447,0.002,0.002,0.0624,0.0624,26,10.17182/hepdata.73749.v1/t10
pa_pi,π±,p-Pb,5.02,NSD,RpPb,1.65,1.6,1.7,0.8578,0.0022,0.0022,0.0644,0.0644,27,10.17182/hepdata.73749.v1/t10
pa_pi,π±,p-Pb,5.02,NSD,RpPb,1.75,1.7,1.8,0.8734,0.0025,0.0025,0.0672,0.0672,28,10.17182/hepdata.73749.v1/t10
pa_pi,π±,p-Pb,5.02,NSD,RpPb,1.85,1.8,1.9,0.8867,0.0027,0.0027,0.0706,0.0706,29,10.17182/hepdata.73749.v1/t10
pa_pi,π±,p-Pb,5.02,NSD,RpPb,1.95,1.9,2.0,0.8973,0.003,0.003,0.0738,0.0738,30,10.17182/hepdata.73749.v1/t10
pa_pi,π±,p-Pb,5.02,NSD,RpPb,2.1,2.0,2.2,0.9212,0.0018,0.0018,0.0708,0.0708,33,10.17182/hepdata.73749.v1/t10
pa_pi,π±,p-Pb,5.02,NSD,RpPb,2.3,2.2,2.4,0.9346,0.002,0.002,0.0747,0.0747,36,10.17182/hepdata.73749.v1/t10
pa_pi,π±,p-Pb,5.02,NSD,RpPb,2.5,2.4,2.6,0.9507,0.0023,0.0023,0.0823,0.0823,39,10.17182/hepdata.73749.v1/t10
pa_pi,π±,p-Pb,5.02,NSD,RpPb,2.7,2.6,2.8,0.9735,0.0027,0.0027,0.0908,0.0908,42,10.17182/hepdata.73749.v1/t10
pa_pi,π±,p-Pb,5.02,NSD,RpPb,2.9,2.8,3.0,0.9702,0.003,0.003,0.0935,0.0935,45,10.17182/hepdata.73749.v1/t10
pa_pi,π±,p-Pb,5.02,NSD,RpPb,3.1,3.0,3.2,0.9986,0.0029,0.0029,0.1021,0.1021,46,10.17182/hepdata.73749.v1/t10
pa_pi,π±,p-Pb,5.02,NSD,RpPb,3.3,3.2,3.4,0.9978,0.0033,0.0033,0.1024,0.1024,47,10.17182/hepdata.73749.v1/t10
pa_pi,π±,p-Pb,5.02,NSD,RpPb,3.5,3.4,3.6,1.0057,0.0036,0.0036,0.1032,0.1032,48,10.17182/hepdata.73749.v1/t10
pa_pi,π±,p-Pb,5.02,NSD,RpPb,3.7,3.6,3.8,1.0136,0.004,0.004,0.1044,0.1044,49,10.17182/hepdata.73749.v1/t10
pa_pi,π±,p-Pb,5.02,NSD,RpPb,3.9,3.8,4.0,0.9985,0.0042,0.0042,0.1032,0.1032,50,10.17182/hepdata.73749.v1/t10
pa_pi,π±,p-Pb,5.02,NSD,RpPb,4.25,4.0,4.5,1.0084,0.0029,0.0029,0.1059,0.1059,51,10.17182/hepdata.73749.v1/t10
pa_pi,π±,p-Pb,5.02,NSD,RpPb,4.75,4.5,5.0,1.0006,0.0038,0.0038,0.1051,0.1051,52,10.17182/hepdata.73749.v1/t10
pa_pi,π±,p-Pb,5.02,NSD,RpPb,5.25,5.0,5.5,0.9973,0.0048,0.0048,0.105,0.105,53,10.17182/hepdata.73749.v1/t10
pa_pi,π±,p-Pb,5.02,NSD,RpPb,5.75,5.5,6.0,0.9866,0.006,0.006,0.1043,0.1043,54,10.17182/hepdata.73749.v1/t10
pa_pi,π±,p-Pb,5.02,NSD,RpPb,6.25,6.0,6.5,0.9711,0.0072,0.0072,0.1034,0.1034,55,10.17182/hepdata.73749.v1/t10
pa_pi,π±,p-Pb,5.02,NSD,RpPb,6.75,6.5,7.0,0.963,0.0086,0.0086,0.103,0.103,56,10.17182/hepdata.73749.v1/t10
pa_pi,π±,p-Pb,5.02,NSD,RpPb,7.5,7.0,8.0,0.9494,0.0079,0.0079,0.102,0.102,58,10.17182/hepdata.73749.v1/t10
pa_pi,π±,p-Pb,5.02,NSD,RpPb,8.5,8.0,9.0,0.9522,0.011,0.011,0.1021,0.1021,59,10.17182/hepdata.73749.v1/t10
pa_pi,π±,p-Pb,5.02,NSD,RpPb,9.5,9.0,10.0,0.9463,0.0146,0.0146,0.1018,0.1018,60,10.17182/hepdata.73749.v1/t10
pa_pi,π±,p-Pb,5.02,NSD,RpPb,10.5,10.0,11.0,0.9499,0.019,0.019,0.1032,0.1032,62,10.17182/hepdata.73749.v1/t10
pa_pi,π±,p-Pb,5.02,NSD,RpPb,11.5,11.0,12.0,0.9474,0.024,0.024,0.1047,0.1047,63,10.17182/hepdata.73749.v1/t10
pa_pi,π±,p-Pb,5.02,NSD,RpPb,12.5,12.0,13.0,0.9905,0.0311,0.0311,0.1108,0.1108,65,10.17182/hepdata.73749.v1/t10
pa_pi,π±,p-Pb,5.02,NSD,RpPb,13.5,13.0,14.0,1.0013,0.0382,0.0382,0.1143,0.1143,66,10.17182/hepdata.73749.v1/t10
pa_pi,π±,p-Pb,5.02,NSD,RpPb,14.5,14.0,15.0,0.9797,0.0453,0.0453,0.1155,0.1155,67,10.17182/hepdata.73749.v1/t10
pa_pi,π±,p-Pb,5.02,NSD,RpPb,15.5,15.0,16.0,0.9758,0.0521,0.0521,0.117,0.117,69,10.17182/hepdata.73749.v1/t10
pa_pi,π±,p-Pb,5.02,NSD,RpPb,17.0,16.0,18.0,0.9648,0.0476,0.0476,0.1198,0.1198,70,10.17182/hepdata.73749.v1/t10
pa_pi,π±,p-Pb,5.02,NSD,RpPb,19.0,18.0,20.0,1.0313,0.0697,0.0697,0.1366,0.1366,71,10.17182/hepdata.73749.v1/t10
pa_k,K±,p-Pb,5.02,NSD,RpPb,0.225,0.2,0.25,0.4728,0.0015,0.0015,0.0604,0.0604,5,10.17182/hepdata.73749.v1/t10
pa_k,K±,p-Pb,5.02,NSD,RpPb,0.275,0.25,0.3,0.4775,0.0011,0.0011,0.0465,0.0465,6,10.17182/hepdata.73749.v1/t10
pa_k,K±,p-Pb,5.02,NSD,RpPb,0.32499999999999996,0.3,0.35,0.4759,0.001,0.001,0.0355,0.0355,7,10.17182/hepdata.73749.v1/t10
pa_k,K±,p-Pb,5.02,NSD,RpPb,0.375,0.35,0.4,0.5042,0.001,0.001,0.0307,0.0307,8,10.17182/hepdata.73749.v1/t10
pa_k,K±,p-Pb,5.02,NSD,RpPb,0.42500000000000004,0.4,0.45,0.5167,0.0009,0.0009,0.0334,0.0334,9,10.17182/hepdata.73749.v1/t10
pa_k,K±,p-Pb,5.02,NSD,RpPb,0.475,0.45,0.5,0.5215,0.0009,0.0009,0.035,0.035,10,10.17182/hepdata.73749.v1/t10
pa_k,K±,p-Pb,5.02,NSD,RpPb,0.525,0.5,0.55,0.5473,0.0013,0.0013,0.0382,0.0382,11,10.17182/hepdata.73749.v1/t10
pa_k,K±,p-Pb,5.02,NSD,RpPb,0.575,0.55,0.6,0.5608,0.0015,0.0015,0.0519,0.0519,12,10.17182/hepdata.73749.v1/t10
pa_k,K±,p-Pb,5.02,NSD,RpPb,0.625,0.6,0.65,0.5765,0.0019,0.0019,0.0585,0.0585,13,10.17182/hepdata.73749.v1/t10
pa_k,K±,p-Pb,5.02,NSD,RpPb,0.675,0.65,0.7,0.5984,0.002,0.002,0.0603,0.0603,14,10.17182/hepdata.73749.v1/t10
pa_k,K±,p-Pb,5.02,NSD,RpPb,0.725,0.7,0.75,0.6128,0.002,0.002,0.0613,0.0613,15,10.17182/hepdata.73749.v1/t10
pa_k,K±,p-Pb,5.02,NSD,RpPb,0.775,0.75,0.8,0.6308,0.0021,0.0021,0.0624,0.0624,16,10.17182/hepdata.73749.v1/t10
pa_k,K±,p-Pb,5.02,NSD,RpPb,0.825,0.8,0.85,0.6553,0.0022,0.0022,0.0641,0.0641,17,10.17182/hepdata.73749.v1/t10
pa_k,K±,p-Pb,5.02,NSD,RpPb,0.875,0.85,0.9,0.6763,0.0024,0.0024,0.0662,0.0662,18,10.17182/hepdata.73749.v1/t10
pa_k,K±,p-Pb,5.02,NSD,RpPb,0.925,0.9,0.95,0.6831,0.0025,0.0025,0.0664,0.0664,19,10.17182/hepdata.73749.v1/t10
pa_k,K±,p-Pb,5.02,NSD,RpPb,0.975,0.95,1.0,0.7094,0.0026,0.0026,0.0686,0.0686,20,10.17182/hepdata.73749.v1/t10
pa_k,K±,p-Pb,5.02,NSD,RpPb,1.05,1.0,1.1,0.7286,0.002,0.002,0.0701,0.0701,21,10.17182/hepdata.73749.v1/t10
pa_k,K±,p-Pb,5.02,NSD,RpPb,1.15,1.1,1.2,0.7651,0.0022,0.0022,0.0738,0.0738,22,10.17182/hepdata.73749.v1/t10
pa_k,K±,p-Pb,5.02,NSD,RpPb,1.25,1.2,1.3,0.7864,0.0024,0.0024,0.0781,0.0781,23,10.17182/hepdata.73749.v1/t10
pa_k,K±,p-Pb,5.02,NSD,RpPb,1.35,1.3,1.4,0.8134,0.0027,0.0027,0.0818,0.0818,24,10.17182/hepdata.73749.v1/t10
pa_k,K±,p-Pb,5.02,NSD,RpPb,1.45,1.4,1.5,0.8389,0.003,0.003,0.0891,0.0891,25,10.17182/hepdata.73749.v1/t10
pa_k,K±,p-Pb,5.02,NSD,RpPb,1.55,1.5,1.6,0.8583,0.0038,0.0038,0.076,0.076,26,10.17182/hepdata.73749.v1/t10
pa_k,K±,p-Pb,5.02,NSD,RpPb,1.65,1.6,1.7,0.8811,0.0043,0.0043,0.0797,0.0797,27,10.17182/hepdata.73749.v1/t10
pa_k,K±,p-Pb,5.02,NSD,RpPb,1.75,1.7,1.8,0.908,0.0048,0.0048,0.087,0.087,28,10.17182/hepdata.73749.v1/t10
pa_k,K±,p-Pb,5.02,NSD,RpPb,1.85,1.8,1.9,0.92,0.0053,0.0053,0.0903,0.0903,29,10.17182/hepdata.73749.v1/t10
pa_k,K±,p-Pb,5.02,NSD,RpPb,1.95,1.9,2.0,0.9379,0.0058,0.0058,0.0953,0.0953,30,10.17182/hepdata.73749.v1/t10
pa_k,K±,p-Pb,5.02,NSD,RpPb,2.05,2.0,2.1,0.952,0.0064,0.0064,0.098,0.098,31,10.17182/hepdata.73749.v1/t10
pa_k,K±,p-Pb,5.02,NSD,RpPb,2.1500000000000004,2.1,2.2,0.9836,0.0071,0.0071,0.0986,0.0986,32,10.17182/hepdata.73749.v1/t10
pa_k,K±,p-Pb,5.02,NSD,RpPb,2.25,2.2,2.3,0.9625,0.0075,0.0075,0.1078,0.1078,34,10.17182/hepdata.73749.v1/t10
pa_k,K±,p-Pb,5.02,NSD,RpPb,2.3499999999999996,2.3,2.4,1.0071,0.0084,0.0084,0.1109,0.1109,35,10.17182/hepdata.73749.v1/t10
pa_k,K±,p-Pb,5.02,NSD,RpPb,2.45,2.4,2.5,0.9763,0.0088,0.0088,0.1109,0.1109,37,10.17182/hepdata.73749.v1/t10
pa_k,K±,p-Pb,5.02,NSD,RpPb,2.55,2.5,2.6,0.9896,0.0097,0.0097,0.1181,0.1181,38,10.17182/hepdata.73749.v1/t10
pa_k,K±,p-Pb,5.02,NSD,RpPb,2.6500000000000004,2.6,2.7,0.9716,0.0102,0.0102,0.1215,0.1215,40,10.17182/hepdata.73749.v1/t10
pa_k,K±,p-Pb,5.02,NSD,RpPb,2.75,2.7,2.8,0.993,0.011,0.011,0.1306,0.1306,41,10.17182/hepdata.73749.v1/t10
pa_k,K±,p-Pb,5.02,NSD,RpPb,2.8499999999999996,2.8,2.9,0.9299,0.0114,0.0114,0.1211,0.1211,43,10.17182/hepdata.73749.v1/t10
pa_k,K±,p-Pb,5.02,NSD,RpPb,2.95,2.9,3.0,0.929,0.0122,0.0122,0.1254,0.1254,44,10.17182/hepdata.73749.v1/t10
pa_k,K±,p-Pb,5.02,NSD,RpPb,3.1,3.0,3.2,0.9615,0.0091,0.0091,0.124,0.124,46,10.17182/hepdata.73749.v1/t10
pa_k,K±,p-Pb,5.02,NSD,RpPb,3.3,3.2,3.4,0.9447,0.0096,0.0096,0.1163,0.1163,47,10.17182/hepdata.73749.v1/t10
pa_k,K±,p-Pb,5.02,NSD,RpPb,3.5,3.4,3.6,0.9654,0.0101,0.0101,0.1191,0.1191,48,10.17182/hepdata.73749.v1/t10
pa_k,K±,p-Pb,5.02,NSD,RpPb,3.7,3.6,3.8,0.9508,0.0107,0.0107,0.1328,0.1328,49,10.17182/hepdata.73749.v1/t10
pa_k,K±,p-Pb,5.02,NSD,RpPb,3.9,3.8,4.0,0.9813,0.0111,0.0111,0.135,0.135,50,10.17182/hepdata.73749.v1/t10
pa_k,K±,p-Pb,5.02,NSD,RpPb,4.25,4.0,4.5,1.0026,0.006,0.006,0.1466,0.1466,51,10.17182/hepdata.73749.v1/t10
pa_k,K±,p-Pb,5.02,NSD,RpPb,4.75,4.5,5.0,1.0066,0.0071,0.0071,0.1405,0.1405,52,10.17182/hepdata.73749.v1/t10
pa_k,K±,p-Pb,5.02,NSD,RpPb,5.25,5.0,5.5,1.0058,0.0082,0.0082,0.1353,0.1353,53,10.17182/hepdata.73749.v1/t10
pa_k,K±,p-Pb,5.02,NSD,RpPb,5.75,5.5,6.0,0.9654,0.0098,0.0098,0.1299,0.1299,54,10.17182/hepdata.73749.v1/t10
pa_k,K±,p-Pb,5.02,NSD,RpPb,6.25,6.0,6.5,1.0838,0.0125,0.0125,0.1578,0.1578,55,10.17182/hepdata.73749.v1/t10
pa_k,K±,p-Pb,5.02,NSD,RpPb,6.75,6.5,7.0,1.0309,0.0132,0.0132,0.1499,0.1499,56,10.17182/hepdata.73749.v1/t10
pa_k,K±,p-Pb,5.02,NSD,RpPb,7.5,7.0,8.0,1.0165,0.0126,0.0126,0.1479,0.1479,58,10.17182/hepdata.73749.v1/t10
pa_k,K±,p-Pb,5.02,NSD,RpPb,8.5,8.0,9.0,1.03,0.0176,0.0176,0.1397,0.1397,59,10.17182/hepdata.73749.v1/t10
pa_k,K±,p-Pb,5.02,NSD,RpPb,9.5,9.0,10.0,0.9784,0.0213,0.0213,0.1318,0.1318,60,10.17182/hepdata.73749.v1/t10
pa_k,K±,p-Pb,5.02,NSD,RpPb,10.5,10.0,11.0,0.9495,0.0257,0.0257,0.1288,0.1288,62,10.17182/hepdata.73749.v1/t10
pa_k,K±,p-Pb,5.02,NSD,RpPb,11.5,11.0,12.0,0.9467,0.032,0.032,0.1293,0.1293,63,10.17182/hepdata.73749.v1/t10
pa_k,K±,p-Pb,5.02,NSD,RpPb,12.5,12.0,13.0,0.9157,0.0386,0.0386,0.1248,0.1248,65,10.17182/hepdata.73749.v1/t10
pa_k,K±,p-Pb,5.02,NSD,RpPb,13.5,13.0,14.0,0.8861,0.0459,0.0459,0.1224,0.1224,66,10.17182/hepdata.73749.v1/t10
pa_k,K±,p-Pb,5.02,NSD,RpPb,14.5,14.0,15.0,0.8487,0.0535,0.0535,0.1213,0.1213,67,10.17182/hepdata.73749.v1/t10
pa_k,K±,p-Pb,5.02,NSD,RpPb,15.5,15.0,16.0,0.8984,0.0635,0.0635,0.1313,0.1313,69,10.17182/hepdata.73749.v1/t10
pa_k,K±,p-Pb,5.02,NSD,RpPb,17.0,16.0,18.0,0.9438,0.0657,0.0657,0.1454,0.1454,70,10.17182/hepdata.73749.v1/t10
pa_k,K±,p-Pb,5.02,NSD,RpPb,19.0,18.0,20.0,0.8019,0.0785,0.0785,0.1267,0.1267,71,10.17182/hepdata.73749.v1/t10
pa_p,p + p̄,p-Pb,5.02,NSD,RpPb,0.32499999999999996,0.3,0.35,0.3701,0.0029,0.0029,0.0506,0.0506,7,10.17182/hepdata.73749.v1/t10
pa_p,p + p̄,p-Pb,5.02,NSD,RpPb,0.375,0.35,0.4,0.38,0.002,0.002,0.0445,0.0445,8,10.17182/hepdata.73749.v1/t10
pa_p,p + p̄,p-Pb,5.02,NSD,RpPb,0.42500000000000004,0.4,0.45,0.4023,0.0017,0.0017,0.0446,0.0446,9,10.17182/hepdata.73749.v1/t10
pa_p,p + p̄,p-Pb,5.02,NSD,RpPb,0.475,0.45,0.5,0.4132,0.0015,0.0015,0.0366,0.0366,10,10.17182/hepdata.73749.v1/t10
pa_p,p + p̄,p-Pb,5.02,NSD,RpPb,0.525,0.5,0.55,0.411,0.0012,0.0012,0.0325,0.0325,11,10.17182/hepdata.73749.v1/t10
pa_p,p + p̄,p-Pb,5.02,NSD,RpPb,0.575,0.55,0.6,0.4395,0.0012,0.0012,0.0306,0.0306,12,10.17182/hepdata.73749.v1/t10
pa_p,p + p̄,p-Pb,5.02,NSD,RpPb,0.625,0.6,0.65,0.4509,0.0012,0.0012,0.0391,0.0391,13,10.17182/hepdata.73749.v1/t10
pa_p,p + p̄,p-Pb,5.02,NSD,RpPb,0.675,0.65,0.7,0.4777,0.0013,0.0013,0.0453,0.0453,14,10.17182/hepdata.73749.v1/t10
pa_p,p + p̄,p-Pb,5.02,NSD,RpPb,0.725,0.7,0.75,0.4972,0.0014,0.0014,0.0466,0.0466,15,10.17182/hepdata.73749.v1/t10
pa_p,p + p̄,p-Pb,5.02,NSD,RpPb,0.775,0.75,0.8,0.5176,0.0015,0.0015,0.0491,0.0491,16,10.17182/hepdata.73749.v1/t10
pa_p,p + p̄,p-Pb,5.02,NSD,RpPb,0.825,0.8,0.85,0.5443,0.0016,0.0016,0.0509,0.0509,17,10.17182/hepdata.73749.v1/t10
pa_p,p + p̄,p-Pb,5.02,NSD,RpPb,0.875,0.85,0.9,0.5706,0.0018,0.0018,0.0537,0.0537,18,10.17182/hepdata.73749.v1/t10
pa_p,p + p̄,p-Pb,5.02,NSD,RpPb,0.925,0.9,0.95,0.5858,0.0021,0.0021,0.0548,0.0548,19,10.17182/hepdata.73749.v1/t10
pa_p,p + p̄,p-Pb,5.02,NSD,RpPb,0.975,0.95,1.0,0.6111,0.0022,0.0022,0.0579,0.0579,20,10.17182/hepdata.73749.v1/t10
pa_p,p + p̄,p-Pb,5.02,NSD,RpPb,1.05,1.0,1.1,0.6318,0.0018,0.0018,0.0604,0.0604,21,10.17182/hepdata.73749.v1/t10
pa_p,p + p̄,p-Pb,5.02,NSD,RpPb,1.15,1.1,1.2,0.6783,0.0021,0.0021,0.0645,0.0645,22,10.17182/hepdata.73749.v1/t10
pa_p,p + p̄,p-Pb,5.02,NSD,RpPb,1.25,1.2,1.3,0.728,0.0024,0.0024,0.0694,0.0694,23,10.17182/hepdata.73749.v1/t10
pa_p,p + p̄,p-Pb,5.02,NSD,RpPb,1.35,1.3,1.4,0.7803,0.0027,0.0027,0.0745,0.0745,24,10.17182/hepdata.73749.v1/t10
pa_p,p + p̄,p-Pb,5.02,NSD,RpPb,1.45,1.4,1.5,0.8155,0.0031,0.0031,0.0785,0.0785,25,10.17182/hepdata.73749.v1/t10
pa_p,p + p̄,p-Pb,5.02,NSD,RpPb,1.55,1.5,1.6,0.848,0.0044,0.0044,0.0737,0.0737,26,10.17182/hepdata.73749.v1/t10
pa_p,p + p̄,p-Pb,5.02,NSD,RpPb,1.65,1.6,1.7,0.8893,0.0047,0.0047,0.0777,0.0777,27,10.17182/hepdata.73749.v1/t10
pa_p,p + p̄,p-Pb,5.02,NSD,RpPb,1.75,1.7,1.8,0.9382,0.0053,0.0053,0.082,0.082,28,10.17182/hepdata.73749.v1/t10
pa_p,p + p̄,p-Pb,5.02,NSD,RpPb,1.85,1.8,1.9,0.977,0.0059,0.0059,0.0853,0.0853,29,10.17182/hepdata.73749.v1/t10
pa_p,p + p̄,p-Pb,5.02,NSD,RpPb,1.95,1.9,2.0,1.0185,0.0065,0.0065,0.0895,0.0895,30,10.17182/hepdata.73749.v1/t10
pa_p,p + p̄,p-Pb,5.02,NSD,RpPb,2.05,2.0,2.1,1.048,0.0071,0.0071,0.0931,0.0931,31,10.17182/hepdata.73749.v1/t10
pa_p,p + p̄,p-Pb,5.02,NSD,RpPb,2.1500000000000004,2.1,2.2,1.0962,0.008,0.008,0.0958,0.0958,32,10.17182/hepdata.73749.v1/t10
pa_p,p + p̄,p-Pb,5.02,NSD,RpPb,2.25,2.2,2.3,1.1293,0.0088,0.0088,0.0978,0.0978,34,10.17182/hepdata.73749.v1/t10
pa_p,p + p̄,p-Pb,5.02,NSD,RpPb,2.3499999999999996,2.3,2.4,1.1469,0.0098,0.0098,0.1004,0.1004,35,10.17182/hepdata.73749.v1/t10
pa_p,p + p̄,p-Pb,5.02,NSD,RpPb,2.45,2.4,2.5,1.1849,0.0109,0.0109,0.1064,0.1064,37,10.17182/hepdata.73749.v1/t10
pa_p,p + p̄,p-Pb,5.02,NSD,RpPb,2.55,2.5,2.6,1.1902,0.0119,0.0119,0.1076,0.1076,38,10.17182/hepdata.73749.v1/t10
pa_p,p + p̄,p-Pb,5.02,NSD,RpPb,2.6500000000000004,2.6,2.7,1.22,0.0134,0.0134,0.1101,0.1101,40,10.17182/hepdata.73749.v1/t10
pa_p,p + p̄,p-Pb,5.02,NSD,RpPb,2.75,2.7,2.8,1.2326,0.0147,0.0147,0.1158,0.1158,41,10.17182/hepdata.73749.v1/t10
pa_p,p + p̄,p-Pb,5.02,NSD,RpPb,2.8499999999999996,2.8,2.9,1.2222,0.0158,0.0158,0.1139,0.1139,43,10.17182/hepdata.73749.v1/t10
pa_p,p + p̄,p-Pb,5.02,NSD,RpPb,2.95,2.9,3.0,1.2241,0.0173,0.0173,0.1222,0.1222,44,10.17182/hepdata.73749.v1/t10
pa_p,p + p̄,p-Pb,5.02,NSD,RpPb,3.1,3.0,3.2,1.2664,0.0137,0.0137,0.1292,0.1292,46,10.17182/hepdata.73749.v1/t10
pa_p,p + p̄,p-Pb,5.02,NSD,RpPb,3.3,3.2,3.4,1.3095,0.0163,0.0163,0.1441,0.1441,47,10.17182/hepdata.73749.v1/t10
pa_p,p + p̄,p-Pb,5.02,NSD,RpPb,3.5,3.4,3.6,1.3112,0.0184,0.0184,0.1451,0.1451,48,10.17182/hepdata.73749.v1/t10
pa_p,p + p̄,p-Pb,5.02,NSD,RpPb,3.7,3.6,3.8,1.3015,0.0204,0.0204,0.1469,0.1469,49,10.17182/hepdata.73749.v1/t10
pa_p,p + p̄,p-Pb,5.02,NSD,RpPb,3.9,3.8,4.0,1.3338,0.0229,0.0229,0.1554,0.1554,50,10.17182/hepdata.73749.v1/t10
pa_p,p + p̄,p-Pb,5.02,NSD,RpPb,4.25,4.0,4.5,1.351,0.0183,0.0183,0.1971,0.1971,51,10.17182/hepdata.73749.v1/t10
pa_p,p + p̄,p-Pb,5.02,NSD,RpPb,4.75,4.5,5.0,1.4167,0.0233,0.0233,0.2056,0.2056,52,10.17182/hepdata.73749.v1/t10
pa_p,p + p̄,p-Pb,5.02,NSD,RpPb,5.25,5.0,5.5,1.3809,0.0292,0.0292,0.207,0.207,53,10.17182/hepdata.73749.v1/t10
pa_p,p + p̄,p-Pb,5.02,NSD,RpPb,5.75,5.5,6.0,1.3571,0.0336,0.0336,0.2078,0.2078,54,10.17182/hepdata.73749.v1/t10
pa_p,p + p̄,p-Pb,5.02,NSD,RpPb,6.5,6.0,7.0,1.1767,0.0186,0.0186,0.2366,0.2366,57,10.17182/hepdata.73749.v1/t10
pa_p,p + p̄,p-Pb,5.02,NSD,RpPb,7.5,7.0,8.0,1.2162,0.029,0.029,0.2605,0.2605,58,10.17182/hepdata.73749.v1/t10
pa_p,p + p̄,p-Pb,5.02,NSD,RpPb,9.0,8.0,10.0,1.1332,0.032,0.032,0.2314,0.2314,61,10.17182/hepdata.73749.v1/t10
pa_p,p + p̄,p-Pb,5.02,NSD,RpPb,11.0,10.0,12.0,1.2232,0.0592,0.0592,0.2632,0.2632,64,10.17182/hepdata.73749.v1/t10
pa_p,p + p̄,p-Pb,5.02,NSD,RpPb,13.5,12.0,15.0,1.2609,0.0906,0.0906,0.3335,0.3335,68,10.17182/hepdata.73749.v1/t10
pa_p,p + p̄,p-Pb,5.02,NSD,RpPb,17.5,15.0,20.0,1.0064,0.1133,0.1133,0.2578,0.2578,72,10.17182/hepdata.73749.v1/t10
pa_d0,Prompt D⁰,p-Pb,5.02,Minimum bias,RpPb,0.5,0.0,1.0,1.054,0.399,0.399,0.298,0.255,0,10.17182/hepdata.73941.v1/t20
pa_d0,Prompt D⁰,p-Pb,5.02,Minimum bias,RpPb,1.5,1.0,2.0,0.771,0.161,0.161,0.201,0.193,1,10.17182/hepdata.73941.v1/t20
pa_d0,Prompt D⁰,p-Pb,5.02,Minimum bias,RpPb,2.5,2.0,3.0,0.971,0.101,0.101,0.21,0.185,2,10.17182/hepdata.73941.v1/t20
pa_d0,Prompt D⁰,p-Pb,5.02,Minimum bias,RpPb,3.5,3.0,4.0,0.956,0.08,0.08,0.186,0.16,3,10.17182/hepdata.73941.v1/t20
pa_d0,Prompt D⁰,p-Pb,5.02,Minimum bias,RpPb,4.5,4.0,5.0,0.939,0.08,0.08,0.17,0.156,4,10.17182/hepdata.73941.v1/t20
pa_d0,Prompt D⁰,p-Pb,5.02,Minimum bias,RpPb,5.5,5.0,6.0,1.054,0.11,0.11,0.188,0.175,5,10.17182/hepdata.73941.v1/t20
pa_d0,Prompt D⁰,p-Pb,5.02,Minimum bias,RpPb,6.5,6.0,7.0,1.077,0.136,0.136,0.191,0.179,6,10.17182/hepdata.73941.v1/t20
pa_d0,Prompt D⁰,p-Pb,5.02,Minimum bias,RpPb,7.5,7.0,8.0,0.941,0.165,0.165,0.175,0.166,7,10.17182/hepdata.73941.v1/t20
pa_d0,Prompt D⁰,p-Pb,5.02,Minimum bias,RpPb,10.0,8.0,12.0,1.045,0.122,0.122,0.193,0.183,8,10.17182/hepdata.73941.v1/t20
pa_d0,Prompt D⁰,p-Pb,5.02,Minimum bias,RpPb,14.0,12.0,16.0,1.14,0.3,0.3,0.235,0.228,9,10.17182/hepdata.73941.v1/t20
pa_d0,Prompt D⁰,p-Pb,5.02,Minimum bias,RpPb,20.0,16.0,24.0,1.014,0.207,0.207,0.463,0.348,10,10.17182/hepdata.73941.v1/t20
pa_b_e,Beauty → e,p-Pb,5.02,Minimum bias,RpPb,1.05,1.0,1.1,0.84,0.23,0.23,0.49,0.48,0,10.17182/hepdata.77904.v1/t3
pa_b_e,Beauty → e,p-Pb,5.02,Minimum bias,RpPb,1.2000000000000002,1.1,1.3,0.87,0.19,0.19,0.42,0.44,1,10.17182/hepdata.77904.v1/t3
pa_b_e,Beauty → e,p-Pb,5.02,Minimum bias,RpPb,1.4,1.3,1.5,1.07,0.2,0.2,0.43,0.46,2,10.17182/hepdata.77904.v1/t3
pa_b_e,Beauty → e,p-Pb,5.02,Minimum bias,RpPb,1.75,1.5,2.0,1.18,0.15,0.15,0.38,0.41,3,10.17182/hepdata.77904.v1/t3
pa_b_e,Beauty → e,p-Pb,5.02,Minimum bias,RpPb,2.25,2.0,2.5,1.26,0.16,0.16,0.34,0.37,4,10.17182/hepdata.77904.v1/t3
pa_b_e,Beauty → e,p-Pb,5.02,Minimum bias,RpPb,2.75,2.5,3.0,1.2,0.17,0.17,0.28,0.27,5,10.17182/hepdata.77904.v1/t3
pa_b_e,Beauty → e,p-Pb,5.02,Minimum bias,RpPb,3.5,3.0,4.0,1.0,0.11,0.11,0.22,0.19,6,10.17182/hepdata.77904.v1/t3
pa_b_e,Beauty → e,p-Pb,5.02,Minimum bias,RpPb,4.5,4.0,5.0,0.99,0.13,0.13,0.21,0.18,7,10.17182/hepdata.77904.v1/t3
pa_b_e,Beauty → e,p-Pb,5.02,Minimum bias,RpPb,5.5,5.0,6.0,1.16,0.22,0.22,0.24,0.21,8,10.17182/hepdata.77904.v1/t3
pa_b_e,Beauty → e,p-Pb,5.02,Minimum bias,RpPb,7.0,6.0,8.0,0.9,0.15,0.15,0.2,0.18,9,10.17182/hepdata.77904.v1/t3
pa_chjet2,Charged jets R=0.2,p-Pb,5.02,Minimum bias,RpPb,15.0,10.0,20.0,1.11,0.00373,0.00373,0.06377021248200448,0.06377021248200448,0,10.17182/hepdata.150694.v1/t7
pa_chjet2,Charged jets R=0.2,p-Pb,5.02,Minimum bias,RpPb,25.0,20.0,30.0,1.05,0.00529,0.00529,0.07454562361399895,0.07454562361399895,1,10.17182/hepdata.150694.v1/t7
pa_chjet2,Charged jets R=0.2,p-Pb,5.02,Minimum bias,RpPb,35.0,30.0,40.0,1.06,0.00788,0.00788,0.08417178862302976,0.08417178862302976,2,10.17182/hepdata.150694.v1/t7
pa_chjet2,Charged jets R=0.2,p-Pb,5.02,Minimum bias,RpPb,45.0,40.0,50.0,1.1,0.0118,0.0118,0.09476840190696476,0.09476840190696476,3,10.17182/hepdata.150694.v1/t7
pa_chjet2,Charged jets R=0.2,p-Pb,5.02,Minimum bias,RpPb,55.0,50.0,60.0,1.1,0.0181,0.0181,0.10333489246135596,0.10333489246135596,4,10.17182/hepdata.150694.v1/t7
pa_chjet2,Charged jets R=0.2,p-Pb,5.02,Minimum bias,RpPb,65.0,60.0,70.0,1.08,0.0251,0.0251,0.10715829412602648,0.10715829412602648,5,10.17182/hepdata.150694.v1/t7
pa_chjet2,Charged jets R=0.2,p-Pb,5.02,Minimum bias,RpPb,75.0,70.0,80.0,1.05,0.0326,0.0326,0.09761741647882308,0.09761741647882308,6,10.17182/hepdata.150694.v1/t7
pa_chjet2,Charged jets R=0.2,p-Pb,5.02,Minimum bias,RpPb,90.0,80.0,100.0,1.01,0.041,0.041,0.09883612699817815,0.09883612699817815,7,10.17182/hepdata.150694.v1/t7
pa_chjet2,Charged jets R=0.2,p-Pb,5.02,Minimum bias,RpPb,110.0,100.0,120.0,0.972,0.0498,0.0498,0.1076271805818586,0.1076271805818586,8,10.17182/hepdata.150694.v1/t7
pa_chjet2,Charged jets R=0.2,p-Pb,5.02,Minimum bias,RpPb,130.0,120.0,140.0,0.927,0.0569,0.0569,0.13160854835458066,0.13160854835458066,9,10.17182/hepdata.150694.v1/t7
pa_chjet3,Charged jets R=0.3,p-Pb,5.02,Minimum bias,RpPb,15.0,10.0,20.0,1.09,0.00309,0.00309,0.06985842826746104,0.06985842826746104,0,10.17182/hepdata.150694.v1/t7
pa_chjet3,Charged jets R=0.3,p-Pb,5.02,Minimum bias,RpPb,25.0,20.0,30.0,1.02,0.00445,0.00445,0.07913343162027033,0.07913343162027033,1,10.17182/hepdata.150694.v1/t7
pa_chjet3,Charged jets R=0.3,p-Pb,5.02,Minimum bias,RpPb,35.0,30.0,40.0,1.05,0.00678,0.00678,0.08981542183834577,0.08981542183834577,2,10.17182/hepdata.150694.v1/t7
pa_chjet3,Charged jets R=0.3,p-Pb,5.02,Minimum bias,RpPb,45.0,40.0,50.0,1.08,0.01,0.01,0.10001264919998869,0.10001264919998869,3,10.17182/hepdata.150694.v1/t7
pa_chjet3,Charged jets R=0.3,p-Pb,5.02,Minimum bias,RpPb,55.0,50.0,60.0,1.09,0.0155,0.0155,0.10820545272766988,0.10820545272766988,4,10.17182/hepdata.150694.v1/t7
pa_chjet3,Charged jets R=0.3,p-Pb,5.02,Minimum bias,RpPb,65.0,60.0,70.0,1.07,0.0218,0.0218,0.11679152366503316,0.11679152366503316,5,10.17182/hepdata.150694.v1/t7
pa_chjet3,Charged jets R=0.3,p-Pb,5.02,Minimum bias,RpPb,75.0,70.0,80.0,1.05,0.0285,0.0285,0.11498439024493716,0.11498439024493716,6,10.17182/hepdata.150694.v1/t7
pa_chjet3,Charged jets R=0.3,p-Pb,5.02,Minimum bias,RpPb,90.0,80.0,100.0,1.02,0.0362,0.0362,0.12036664820455872,0.12036664820455872,7,10.17182/hepdata.150694.v1/t7
pa_chjet3,Charged jets R=0.3,p-Pb,5.02,Minimum bias,RpPb,110.0,100.0,120.0,1.0,0.0447,0.0447,0.133163095488202,0.133163095488202,8,10.17182/hepdata.150694.v1/t7
pa_chjet3,Charged jets R=0.3,p-Pb,5.02,Minimum bias,RpPb,130.0,120.0,140.0,0.965,0.0514,0.0514,0.14710367092632323,0.14710367092632323,9,10.17182/hepdata.150694.v1/t7
pa_chjet4,Charged jets R=0.4,p-Pb,5.02,Minimum bias,RpPb,15.0,10.0,20.0,1.08,0.00261,0.00261,0.08914639644988462,0.08914639644988462,0,10.17182/hepdata.150694.v1/t7
pa_chjet4,Charged jets R=0.4,p-Pb,5.02,Minimum bias,RpPb,25.0,20.0,30.0,0.975,0.00389,0.00389,0.08796709612122024,0.08796709612122024,1,10.17182/hepdata.150694.v1/t7
pa_chjet4,Charged jets R=0.4,p-Pb,5.02,Minimum bias,RpPb,35.0,30.0,40.0,1.0,0.00595,0.00595,0.09385867035069269,0.09385867035069269,2,10.17182/hepdata.150694.v1/t7
pa_chjet4,Charged jets R=0.4,p-Pb,5.02,Minimum bias,RpPb,45.0,40.0,50.0,1.04,0.00882,0.00882,0.10338471840654208,0.10338471840654208,3,10.17182/hepdata.150694.v1/t7
pa_chjet4,Charged jets R=0.4,p-Pb,5.02,Minimum bias,RpPb,55.0,50.0,60.0,1.05,0.0136,0.0136,0.10576625170629808,0.10576625170629808,4,10.17182/hepdata.150694.v1/t7
pa_chjet4,Charged jets R=0.4,p-Pb,5.02,Minimum bias,RpPb,65.0,60.0,70.0,1.04,0.0193,0.0193,0.1151378304468171,0.1151378304468171,5,10.17182/hepdata.150694.v1/t7
pa_chjet4,Charged jets R=0.4,p-Pb,5.02,Minimum bias,RpPb,75.0,70.0,80.0,1.02,0.0255,0.0255,0.11458036481003192,0.11458036481003192,6,10.17182/hepdata.150694.v1/t7
pa_chjet4,Charged jets R=0.4,p-Pb,5.02,Minimum bias,RpPb,90.0,80.0,100.0,0.993,0.0325,0.0325,0.12190553719991558,0.12190553719991558,7,10.17182/hepdata.150694.v1/t7
pa_chjet4,Charged jets R=0.4,p-Pb,5.02,Minimum bias,RpPb,110.0,100.0,120.0,0.97,0.0401,0.0401,0.13239471288537166,0.13239471288537166,8,10.17182/hepdata.150694.v1/t7
pa_chjet4,Charged jets R=0.4,p-Pb,5.02,Minimum bias,RpPb,130.0,120.0,140.0,0.93,0.0462,0.0462,0.1419618258546994,0.1419618258546994,9,10.17182/hepdata.150694.v1/t7
pa_bjet,b-tagged charged jets R=0.4,p-Pb,5.02,Minimum bias,RpPb,15.0,10.0,20.0,1.042998,0.02744336,0.02744336,0.1212622,0.1212622,0,10.17182/hepdata.128018.v1/t11
pa_bjet,b-tagged charged jets R=0.4,p-Pb,5.02,Minimum bias,RpPb,25.0,20.0,30.0,1.030587,0.03396505,0.03396505,0.1065727,0.1065727,1,10.17182/hepdata.128018.v1/t11
pa_bjet,b-tagged charged jets R=0.4,p-Pb,5.02,Minimum bias,RpPb,35.0,30.0,40.0,1.012875,0.04425885,0.04425885,0.1098441,0.1098441,2,10.17182/hepdata.128018.v1/t11
pa_bjet,b-tagged charged jets R=0.4,p-Pb,5.02,Minimum bias,RpPb,45.0,40.0,50.0,1.032139,0.06016494,0.06016494,0.09419987,0.09419987,3,10.17182/hepdata.128018.v1/t11
pa_bjet,b-tagged charged jets R=0.4,p-Pb,5.02,Minimum bias,RpPb,55.0,50.0,60.0,1.015874,0.07978791,0.07978791,0.1225592,0.1225592,4,10.17182/hepdata.128018.v1/t11
pa_bjet,b-tagged charged jets R=0.4,p-Pb,5.02,Minimum bias,RpPb,65.0,60.0,70.0,1.026899,0.1127664,0.1127664,0.1130912,0.1130912,5,10.17182/hepdata.128018.v1/t11
pa_bjet,b-tagged charged jets R=0.4,p-Pb,5.02,Minimum bias,RpPb,75.0,70.0,80.0,1.076021,0.1729556,0.1729556,0.1391052,0.1391052,6,10.17182/hepdata.128018.v1/t11
pa_bjet,b-tagged charged jets R=0.4,p-Pb,5.02,Minimum bias,RpPb,90.0,80.0,100.0,1.081604,0.2222796,0.2222796,0.175293,0.175293,7,10.17182/hepdata.128018.v1/t11
pa_pi0,π⁰,p-Pb,5.02,Minimum bias,RpPb,0.35,0.3,0.4,0.881,0.136,0.136,0.245,0.245,0,10.17182/hepdata.83700.v1/t5
pa_pi0,π⁰,p-Pb,5.02,Minimum bias,RpPb,0.45,0.4,0.5,0.6422,0.0432,0.0432,0.1,0.1,1,10.17182/hepdata.83700.v1/t5
pa_pi0,π⁰,p-Pb,5.02,Minimum bias,RpPb,0.55,0.5,0.6,0.6249,0.0264,0.0264,0.0798,0.0798,2,10.17182/hepdata.83700.v1/t5
pa_pi0,π⁰,p-Pb,5.02,Minimum bias,RpPb,0.65,0.6,0.7,0.6564,0.0314,0.0314,0.0697,0.0697,3,10.17182/hepdata.83700.v1/t5
pa_pi0,π⁰,p-Pb,5.02,Minimum bias,RpPb,0.75,0.7,0.8,0.6339,0.0253,0.0253,0.062,0.062,4,10.17182/hepdata.83700.v1/t5
pa_pi0,π⁰,p-Pb,5.02,Minimum bias,RpPb,0.9,0.8,1.0,0.7508,0.0193,0.0193,0.0589,0.0589,5,10.17182/hepdata.83700.v1/t5
pa_pi0,π⁰,p-Pb,5.02,Minimum bias,RpPb,1.1,1.0,1.2,0.7696,0.018,0.018,0.0491,0.0491,6,10.17182/hepdata.83700.v1/t5
pa_pi0,π⁰,p-Pb,5.02,Minimum bias,RpPb,1.3,1.2,1.4,0.8193,0.019,0.019,0.0355,0.0355,7,10.17182/hepdata.83700.v1/t5
pa_pi0,π⁰,p-Pb,5.02,Minimum bias,RpPb,1.5,1.4,1.6,0.844,0.0153,0.0153,0.0433,0.0433,8,10.17182/hepdata.83700.v1/t5
pa_pi0,π⁰,p-Pb,5.02,Minimum bias,RpPb,1.7,1.6,1.8,0.9007,0.0138,0.0138,0.0423,0.0423,9,10.17182/hepdata.83700.v1/t5
pa_pi0,π⁰,p-Pb,5.02,Minimum bias,RpPb,1.9,1.8,2.0,0.9071,0.0153,0.0153,0.0396,0.0396,10,10.17182/hepdata.83700.v1/t5
pa_pi0,π⁰,p-Pb,5.02,Minimum bias,RpPb,2.1,2.0,2.2,0.9362,0.0161,0.0161,0.0402,0.0402,11,10.17182/hepdata.83700.v1/t5
pa_pi0,π⁰,p-Pb,5.02,Minimum bias,RpPb,2.3,2.2,2.4,0.9569,0.0155,0.0155,0.0413,0.0413,12,10.17182/hepdata.83700.v1/t5
pa_pi0,π⁰,p-Pb,5.02,Minimum bias,RpPb,2.5,2.4,2.6,0.9826,0.0158,0.0158,0.0433,0.0433,13,10.17182/hepdata.83700.v1/t5
pa_pi0,π⁰,p-Pb,5.02,Minimum bias,RpPb,2.7,2.6,2.8,0.9781,0.0183,0.0183,0.0416,0.0416,14,10.17182/hepdata.83700.v1/t5
pa_pi0,π⁰,p-Pb,5.02,Minimum bias,RpPb,2.9,2.8,3.0,0.9944,0.021,0.021,0.0434,0.0434,15,10.17182/hepdata.83700.v1/t5
pa_pi0,π⁰,p-Pb,5.02,Minimum bias,RpPb,3.1,3.0,3.2,1.0182,0.0199,0.0199,0.0456,0.0456,16,10.17182/hepdata.83700.v1/t5
pa_pi0,π⁰,p-Pb,5.02,Minimum bias,RpPb,3.3,3.2,3.4,0.9678,0.0221,0.0221,0.0433,0.0433,17,10.17182/hepdata.83700.v1/t5
pa_pi0,π⁰,p-Pb,5.02,Minimum bias,RpPb,3.5,3.4,3.6,0.9734,0.0236,0.0236,0.0434,0.0434,18,10.17182/hepdata.83700.v1/t5
pa_pi0,π⁰,p-Pb,5.02,Minimum bias,RpPb,3.7,3.6,3.8,0.9957,0.0239,0.0239,0.0458,0.0458,19,10.17182/hepdata.83700.v1/t5
pa_pi0,π⁰,p-Pb,5.02,Minimum bias,RpPb,3.9,3.8,4.0,0.9527,0.0227,0.0227,0.0459,0.0459,20,10.17182/hepdata.83700.v1/t5
pa_pi0,π⁰,p-Pb,5.02,Minimum bias,RpPb,4.25,4.0,4.5,0.9738,0.0232,0.0232,0.0451,0.0451,21,10.17182/hepdata.83700.v1/t5
pa_pi0,π⁰,p-Pb,5.02,Minimum bias,RpPb,4.75,4.5,5.0,0.9724,0.0221,0.0221,0.049,0.049,22,10.17182/hepdata.83700.v1/t5
pa_pi0,π⁰,p-Pb,5.02,Minimum bias,RpPb,5.25,5.0,5.5,0.9804,0.0224,0.0224,0.0528,0.0528,23,10.17182/hepdata.83700.v1/t5
pa_pi0,π⁰,p-Pb,5.02,Minimum bias,RpPb,5.75,5.5,6.0,0.987,0.0302,0.0302,0.0593,0.0593,24,10.17182/hepdata.83700.v1/t5
pa_pi0,π⁰,p-Pb,5.02,Minimum bias,RpPb,6.5,6.0,7.0,0.9739,0.0259,0.0259,0.0658,0.0658,25,10.17182/hepdata.83700.v1/t5
pa_pi0,π⁰,p-Pb,5.02,Minimum bias,RpPb,7.5,7.0,8.0,0.9193,0.0313,0.0313,0.0676,0.0676,26,10.17182/hepdata.83700.v1/t5
pa_pi0,π⁰,p-Pb,5.02,Minimum bias,RpPb,9.0,8.0,10.0,0.9438,0.0309,0.0309,0.0765,0.0765,27,10.17182/hepdata.83700.v1/t5
pa_pi0,π⁰,p-Pb,5.02,Minimum bias,RpPb,11.0,10.0,12.0,0.946,0.0482,0.0482,0.0881,0.0881,28,10.17182/hepdata.83700.v1/t5
pa_pi0,π⁰,p-Pb,5.02,Minimum bias,RpPb,14.0,12.0,16.0,0.8207,0.0597,0.0597,0.0954,0.0954,29,10.17182/hepdata.83700.v1/t5
pa_pi0,π⁰,p-Pb,5.02,Minimum bias,RpPb,18.0,16.0,20.0,0.969,0.157,0.157,0.166,0.166,30,10.17182/hepdata.83700.v1/t5
pa_eta,η,p-Pb,5.02,Minimum bias,RpPb,0.8,0.7,0.9,0.797,0.185,0.185,0.198,0.198,0,10.17182/hepdata.83700.v1/t6
pa_eta,η,p-Pb,5.02,Minimum bias,RpPb,1.0,0.9,1.1,0.711,0.137,0.137,0.138,0.138,1,10.17182/hepdata.83700.v1/t6
pa_eta,η,p-Pb,5.02,Minimum bias,RpPb,1.25,1.1,1.4,0.7565,0.0958,0.0958,0.1017,0.1017,2,10.17182/hepdata.83700.v1/t6
pa_eta,η,p-Pb,5.02,Minimum bias,RpPb,1.6,1.4,1.8,0.8116,0.0783,0.0783,0.085,0.085,3,10.17182/hepdata.83700.v1/t6
pa_eta,η,p-Pb,5.02,Minimum bias,RpPb,2.0,1.8,2.2,0.871,0.0666,0.0666,0.0834,0.0834,4,10.17182/hepdata.83700.v1/t6
pa_eta,η,p-Pb,5.02,Minimum bias,RpPb,2.4,2.2,2.6,1.0523,0.066,0.066,0.093,0.093,5,10.17182/hepdata.83700.v1/t6
pa_eta,η,p-Pb,5.02,Minimum bias,RpPb,2.8,2.6,3.0,0.9922,0.0658,0.0658,0.0812,0.0812,6,10.17182/hepdata.83700.v1/t6
pa_eta,η,p-Pb,5.02,Minimum bias,RpPb,3.25,3.0,3.5,0.9523,0.0683,0.0683,0.0753,0.0753,7,10.17182/hepdata.83700.v1/t6
pa_eta,η,p-Pb,5.02,Minimum bias,RpPb,3.75,3.5,4.0,1.0317,0.071,0.071,0.0886,0.0886,8,10.17182/hepdata.83700.v1/t6
pa_eta,η,p-Pb,5.02,Minimum bias,RpPb,4.5,4.0,5.0,1.0364,0.0727,0.0727,0.0893,0.0893,9,10.17182/hepdata.83700.v1/t6
pa_eta,η,p-Pb,5.02,Minimum bias,RpPb,5.5,5.0,6.0,0.9902,0.0725,0.0725,0.1033,0.1033,10,10.17182/hepdata.83700.v1/t6
pa_eta,η,p-Pb,5.02,Minimum bias,RpPb,7.0,6.0,8.0,0.9567,0.0683,0.0683,0.1291,0.1291,11,10.17182/hepdata.83700.v1/t6
pa_eta,η,p-Pb,5.02,Minimum bias,RpPb,9.0,8.0,10.0,0.93,0.112,0.112,0.134,0.134,12,10.17182/hepdata.83700.v1/t6
pa_eta,η,p-Pb,5.02,Minimum bias,RpPb,11.0,10.0,12.0,0.68,0.157,0.157,0.142,0.142,13,10.17182/hepdata.83700.v1/t6
pa_eta,η,p-Pb,5.02,Minimum bias,RpPb,14.0,12.0,16.0,0.697,0.158,0.158,0.158,0.158,14,10.17182/hepdata.83700.v1/t6
pa_eta,η,p-Pb,5.02,Minimum bias,RpPb,18.0,16.0,20.0,1.053,0.358,0.358,0.25,0.25,15,10.17182/hepdata.83700.v1/t6
pa_pi0816,π⁰,p-Pb,8.16,Minimum bias,RpPb,0.5,0.4,0.6,0.4635,0.0354,0.0354,0.0586,0.0586,0,10.17182/hepdata.128138.v1/t7
pa_pi0816,π⁰,p-Pb,8.16,Minimum bias,RpPb,0.7,0.6,0.8,0.6392,0.0259,0.0259,0.068,0.068,1,10.17182/hepdata.128138.v1/t7
pa_pi0816,π⁰,p-Pb,8.16,Minimum bias,RpPb,0.9,0.8,1.0,0.6579,0.0229,0.0229,0.058,0.058,2,10.17182/hepdata.128138.v1/t7
pa_pi0816,π⁰,p-Pb,8.16,Minimum bias,RpPb,1.2,1.0,1.4,0.7713,0.021,0.021,0.0311,0.0311,3,10.17182/hepdata.128138.v1/t7
pa_pi0816,π⁰,p-Pb,8.16,Minimum bias,RpPb,1.6,1.4,1.8,0.795,0.014,0.014,0.0216,0.0216,4,10.17182/hepdata.128138.v1/t7
pa_pi0816,π⁰,p-Pb,8.16,Minimum bias,RpPb,2.0,1.8,2.2,0.8384,0.0121,0.0121,0.0215,0.0215,5,10.17182/hepdata.128138.v1/t7
pa_pi0816,π⁰,p-Pb,8.16,Minimum bias,RpPb,2.4,2.2,2.6,0.8806,0.0133,0.0133,0.0189,0.0189,6,10.17182/hepdata.128138.v1/t7
pa_pi0816,π⁰,p-Pb,8.16,Minimum bias,RpPb,2.8,2.6,3.0,0.8964,0.0148,0.0148,0.0187,0.0187,7,10.17182/hepdata.128138.v1/t7
pa_pi0816,π⁰,p-Pb,8.16,Minimum bias,RpPb,3.2,3.0,3.4,0.9284,0.0171,0.0171,0.0198,0.0198,8,10.17182/hepdata.128138.v1/t7
pa_pi0816,π⁰,p-Pb,8.16,Minimum bias,RpPb,3.7,3.4,4.0,0.9388,0.0178,0.0178,0.0212,0.0212,9,10.17182/hepdata.128138.v1/t7
pa_pi0816,π⁰,p-Pb,8.16,Minimum bias,RpPb,4.5,4.0,5.0,0.9178,0.0197,0.0197,0.022,0.022,10,10.17182/hepdata.128138.v1/t7
pa_pi0816,π⁰,p-Pb,8.16,Minimum bias,RpPb,5.5,5.0,6.0,0.8984,0.0241,0.0241,0.0264,0.0264,11,10.17182/hepdata.128138.v1/t7
pa_pi0816,π⁰,p-Pb,8.16,Minimum bias,RpPb,7.0,6.0,8.0,0.8812,0.0234,0.0234,0.0282,0.0282,12,10.17182/hepdata.128138.v1/t7
pa_pi0816,π⁰,p-Pb,8.16,Minimum bias,RpPb,9.0,8.0,10.0,0.9059,0.0173,0.0173,0.0308,0.0308,13,10.17182/hepdata.128138.v1/t7
pa_pi0816,π⁰,p-Pb,8.16,Minimum bias,RpPb,11.0,10.0,12.0,0.9604,0.0219,0.0219,0.042,0.042,14,10.17182/hepdata.128138.v1/t7
pa_pi0816,π⁰,p-Pb,8.16,Minimum bias,RpPb,13.0,12.0,14.0,0.9428,0.0328,0.0328,0.0463,0.0463,15,10.17182/hepdata.128138.v1/t7
pa_pi0816,π⁰,p-Pb,8.16,Minimum bias,RpPb,15.0,14.0,16.0,0.9512,0.0561,0.0561,0.0636,0.0636,16,10.17182/hepdata.128138.v1/t7
pa_pi0816,π⁰,p-Pb,8.16,Minimum bias,RpPb,17.0,16.0,18.0,0.9826,0.0211,0.0211,0.0307,0.0307,17,10.17182/hepdata.128138.v1/t7
pa_pi0816,π⁰,p-Pb,8.16,Minimum bias,RpPb,19.0,18.0,20.0,0.9921,0.0233,0.0233,0.0343,0.0343,18,10.17182/hepdata.128138.v1/t7
pa_pi0816,π⁰,p-Pb,8.16,Minimum bias,RpPb,22.5,20.0,25.0,0.993,0.0164,0.0164,0.0406,0.0406,19,10.17182/hepdata.128138.v1/t7
pa_pi0816,π⁰,p-Pb,8.16,Minimum bias,RpPb,27.5,25.0,30.0,0.9784,0.0176,0.0176,0.043,0.043,20,10.17182/hepdata.128138.v1/t7
pa_pi0816,π⁰,p-Pb,8.16,Minimum bias,RpPb,32.5,30.0,35.0,1.0008,0.0203,0.0203,0.0471,0.0471,21,10.17182/hepdata.128138.v1/t7
pa_pi0816,π⁰,p-Pb,8.16,Minimum bias,RpPb,37.5,35.0,40.0,1.0525,0.0271,0.0271,0.0508,0.0508,22,10.17182/hepdata.128138.v1/t7
pa_pi0816,π⁰,p-Pb,8.16,Minimum bias,RpPb,45.0,40.0,50.0,0.9904,0.0249,0.0249,0.0485,0.0485,23,10.17182/hepdata.128138.v1/t7
pa_pi0816,π⁰,p-Pb,8.16,Minimum bias,RpPb,55.0,50.0,60.0,1.1134,0.0441,0.0441,0.0556,0.0556,24,10.17182/hepdata.128138.v1/t7
pa_pi0816,π⁰,p-Pb,8.16,Minimum bias,RpPb,70.0,60.0,80.0,1.0627,0.048,0.048,0.0543,0.0543,25,10.17182/hepdata.128138.v1/t7
pa_pi0816,π⁰,p-Pb,8.16,Minimum bias,RpPb,90.0,80.0,100.0,0.9992,0.0777,0.0777,0.0523,0.0523,26,10.17182/hepdata.128138.v1/t7
pa_pi0816,π⁰,p-Pb,8.16,Minimum bias,RpPb,115.0,100.0,130.0,1.078,0.117,0.117,0.0577,0.0577,27,10.17182/hepdata.128138.v1/t7
pa_pi0816,π⁰,p-Pb,8.16,Minimum bias,RpPb,145.0,130.0,160.0,1.079,0.187,0.187,0.0597,0.0597,28,10.17182/hepdata.128138.v1/t7
pa_pi0816,π⁰,p-Pb,8.16,Minimum bias,RpPb,180.0,160.0,200.0,1.111,0.273,0.273,0.0667,0.0667,29,10.17182/hepdata.128138.v1/t7
pa_eta816,η,p-Pb,8.16,Minimum bias,RpPb,1.25,1.0,1.5,0.735,0.213,0.213,0.0846,0.0846,0,10.17182/hepdata.128138.v1/t8
pa_eta816,η,p-Pb,8.16,Minimum bias,RpPb,1.75,1.5,2.0,0.806,0.116,0.116,0.066,0.066,1,10.17182/hepdata.128138.v1/t8
pa_eta816,η,p-Pb,8.16,Minimum bias,RpPb,2.25,2.0,2.5,0.794,0.117,0.117,0.0706,0.0706,2,10.17182/hepdata.128138.v1/t8
pa_eta816,η,p-Pb,8.16,Minimum bias,RpPb,2.75,2.5,3.0,0.844,0.1,0.1,0.0502,0.0502,3,10.17182/hepdata.128138.v1/t8
pa_eta816,η,p-Pb,8.16,Minimum bias,RpPb,3.5,3.0,4.0,0.8673,0.0731,0.0731,0.0451,0.0451,4,10.17182/hepdata.128138.v1/t8
pa_eta816,η,p-Pb,8.16,Minimum bias,RpPb,4.5,4.0,5.0,0.7934,0.0788,0.0788,0.0388,0.0388,5,10.17182/hepdata.128138.v1/t8
pa_eta816,η,p-Pb,8.16,Minimum bias,RpPb,5.5,5.0,6.0,0.7848,0.0977,0.0977,0.0463,0.0463,6,10.17182/hepdata.128138.v1/t8
pa_eta816,η,p-Pb,8.16,Minimum bias,RpPb,7.0,6.0,8.0,0.88,0.102,0.102,0.0596,0.0596,7,10.17182/hepdata.128138.v1/t8
pa_eta816,η,p-Pb,8.16,Minimum bias,RpPb,9.0,8.0,10.0,0.8729,0.0607,0.0607,0.0615,0.0615,8,10.17182/hepdata.128138.v1/t8
pa_eta816,η,p-Pb,8.16,Minimum bias,RpPb,11.0,10.0,12.0,0.8642,0.0839,0.0839,0.0628,0.0628,9,10.17182/hepdata.128138.v1/t8
pa_eta816,η,p-Pb,8.16,Minimum bias,RpPb,14.0,12.0,16.0,0.8508,0.0862,0.0862,0.063,0.063,10,10.17182/hepdata.128138.v1/t8
pa_eta816,η,p-Pb,8.16,Minimum bias,RpPb,18.0,16.0,20.0,0.8844,0.0967,0.0967,0.0711,0.0711,11,10.17182/hepdata.128138.v1/t8
pa_eta816,η,p-Pb,8.16,Minimum bias,RpPb,22.5,20.0,25.0,1.001,0.172,0.172,0.107,0.107,12,10.17182/hepdata.128138.v1/t8
pa_eta816,η,p-Pb,8.16,Minimum bias,RpPb,27.5,25.0,30.0,0.951,0.149,0.149,0.11,0.11,13,10.17182/hepdata.128138.v1/t8
pa_gamma,Isolated γ Riso=0.4,p-Pb,5.02,Minimum bias,RpPb,13.0,12.0,14.0,0.809717,0.0471753,0.0471753,0.15814,0.15814,0,10.17182/hepdata.165479.v1/t4
pa_gamma,Isolated γ Riso=0.4,p-Pb,5.02,Minimum bias,RpPb,15.0,14.0,16.0,0.952031,0.0600481,0.0600481,0.157466,0.157466,1,10.17182/hepdata.165479.v1/t4
pa_gamma,Isolated γ Riso=0.4,p-Pb,5.02,Minimum bias,RpPb,17.0,16.0,18.0,1.00155,0.0773871,0.0773871,0.146405,0.146405,2,10.17182/hepdata.165479.v1/t4
pa_gamma,Isolated γ Riso=0.4,p-Pb,5.02,Minimum bias,RpPb,19.0,18.0,20.0,1.10582,0.0836661,0.0836661,0.15121,0.15121,3,10.17182/hepdata.165479.v1/t4
pa_gamma,Isolated γ Riso=0.4,p-Pb,5.02,Minimum bias,RpPb,22.5,20.0,25.0,1.1102,0.0696646,0.0696646,0.152528,0.152528,4,10.17182/hepdata.165479.v1/t4
pa_gamma,Isolated γ Riso=0.4,p-Pb,5.02,Minimum bias,RpPb,27.5,25.0,30.0,1.13205,0.0997798,0.0997798,0.179131,0.179131,5,10.17182/hepdata.165479.v1/t4
pa_gamma,Isolated γ Riso=0.4,p-Pb,5.02,Minimum bias,RpPb,35.0,30.0,40.0,1.10723,0.104104,0.104104,0.169466,0.169466,6,10.17182/hepdata.165479.v1/t4
pa_gamma,Isolated γ Riso=0.4,p-Pb,5.02,Minimum bias,RpPb,50.0,40.0,60.0,1.05381,0.155245,0.155245,0.196074,0.196074,7,10.17182/hepdata.165479.v1/t4
pa_gamma816,Isolated γ Riso=0.4,p-Pb,8.16,Minimum bias,RpPb,13.0,12.0,14.0,0.797552,0.0111726,0.0111726,0.0884941,0.0884941,0,10.17182/hepdata.165479.v1/t5
pa_gamma816,Isolated γ Riso=0.4,p-Pb,8.16,Minimum bias,RpPb,15.0,14.0,16.0,0.862891,0.0177349,0.0177349,0.0813797,0.0813797,1,10.17182/hepdata.165479.v1/t5
pa_gamma816,Isolated γ Riso=0.4,p-Pb,8.16,Minimum bias,RpPb,17.0,16.0,18.0,0.898273,0.0257302,0.0257302,0.0828486,0.0828486,2,10.17182/hepdata.165479.v1/t5
pa_gamma816,Isolated γ Riso=0.4,p-Pb,8.16,Minimum bias,RpPb,19.0,18.0,20.0,0.940323,0.0354519,0.0354519,0.0868471,0.0868471,3,10.17182/hepdata.165479.v1/t5
pa_gamma816,Isolated γ Riso=0.4,p-Pb,8.16,Minimum bias,RpPb,22.5,20.0,25.0,0.894097,0.030445,0.030445,0.0835222,0.0835222,4,10.17182/hepdata.165479.v1/t5
pa_gamma816,Isolated γ Riso=0.4,p-Pb,8.16,Minimum bias,RpPb,27.5,25.0,30.0,0.933998,0.0491133,0.0491133,0.0889726,0.0889726,5,10.17182/hepdata.165479.v1/t5
pa_gamma816,Isolated γ Riso=0.4,p-Pb,8.16,Minimum bias,RpPb,35.0,30.0,40.0,0.906562,0.0542694,0.0542694,0.0892545,0.0892545,6,10.17182/hepdata.165479.v1/t5
pa_gamma816,Isolated γ Riso=0.4,p-Pb,8.16,Minimum bias,RpPb,50.0,40.0,60.0,0.949937,0.0892145,0.0892145,0.100837,0.100837,7,10.17182/hepdata.165479.v1/t5
pa_gamma816,Isolated γ Riso=0.4,p-Pb,8.16,Minimum bias,RpPb,70.0,60.0,80.0,1.22636,0.285278,0.285278,0.145457,0.145457,8,10.17182/hepdata.165479.v1/t5
pa_hfe816,Heavy flavour → e,p-Pb,8.16,Minimum bias,RpPb,0.75,0.5,1.0,1.12054,0.0123904,0.0123904,0.234511,0.234511,0,10.17182/hepdata.142624.v1/t3
pa_hfe816,Heavy flavour → e,p-Pb,8.16,Minimum bias,RpPb,1.25,1.0,1.5,1.0451,0.0132235,0.0132235,0.120979,0.120979,1,10.17182/hepdata.142624.v1/t3
pa_hfe816,Heavy flavour → e,p-Pb,8.16,Minimum bias,RpPb,1.75,1.5,2.0,1.07638,0.0178524,0.0178524,0.106011,0.106011,2,10.17182/hepdata.142624.v1/t3
pa_hfe816,Heavy flavour → e,p-Pb,8.16,Minimum bias,RpPb,2.5,2.0,3.0,1.06772,0.0190696,0.0190696,0.0990166,0.0990166,3,10.17182/hepdata.142624.v1/t3
pa_hfe816,Heavy flavour → e,p-Pb,8.16,Minimum bias,RpPb,3.5,3.0,4.0,1.005,0.0352377,0.0352377,0.0881888,0.0881888,4,10.17182/hepdata.142624.v1/t3
pa_hfe816,Heavy flavour → e,p-Pb,8.16,Minimum bias,RpPb,4.5,4.0,5.0,0.949902,0.0985157,0.0985157,0.0968714,0.0968714,5,10.17182/hepdata.142624.v1/t3
pa_hfe816,Heavy flavour → e,p-Pb,8.16,Minimum bias,RpPb,5.5,5.0,6.0,1.08324,0.141523,0.141523,0.102765,0.102765,6,10.17182/hepdata.142624.v1/t3
pa_hfe816,Heavy flavour → e,p-Pb,8.16,Minimum bias,RpPb,7.0,6.0,8.0,0.94395,0.0647568,0.0647568,0.089551,0.089551,7,10.17182/hepdata.142624.v1/t3
pa_hfe816,Heavy flavour → e,p-Pb,8.16,Minimum bias,RpPb,9.0,8.0,10.0,1.02586,0.118447,0.118447,0.109532,0.109532,8,10.17182/hepdata.142624.v1/t3
pa_hfe816,Heavy flavour → e,p-Pb,8.16,Minimum bias,RpPb,11.0,10.0,12.0,0.855328,0.0352354,0.0352354,0.13084,0.13084,9,10.17182/hepdata.142624.v1/t3
pa_hfe816,Heavy flavour → e,p-Pb,8.16,Minimum bias,RpPb,13.0,12.0,14.0,0.999026,0.0563374,0.0563374,0.136249,0.136249,10,10.17182/hepdata.142624.v1/t3
pa_hfe816,Heavy flavour → e,p-Pb,8.16,Minimum bias,RpPb,15.0,14.0,16.0,1.12053,0.0808789,0.0808789,0.143935,0.143935,11,10.17182/hepdata.142624.v1/t3
pa_hfe816,Heavy flavour → e,p-Pb,8.16,Minimum bias,RpPb,18.0,16.0,20.0,1.09697,0.0866171,0.0866171,0.180251,0.180251,12,10.17182/hepdata.142624.v1/t3
pa_hfe816,Heavy flavour → e,p-Pb,8.16,Minimum bias,RpPb,23.0,20.0,26.0,0.928803,0.142378,0.142378,0.152618,0.152618,13,10.17182/hepdata.142624.v1/t3
pa_jpsi816,Inclusive J/ψ,p-Pb,8.16,Minimum bias,RpPb,1.0,0.0,2.0,1.205,0.211,0.211,0.06800735254367722,0.06800735254367722,0,10.17182/hepdata.138403.v1/t2
pa_jpsi816,Inclusive J/ψ,p-Pb,8.16,Minimum bias,RpPb,3.0,2.0,4.0,0.951,0.108,0.108,0.06296824596572466,0.06296824596572466,1,10.17182/hepdata.138403.v1/t2
pa_jpsi816,Inclusive J/ψ,p-Pb,8.16,Minimum bias,RpPb,4.5,4.0,5.0,1.13,0.134,0.134,0.07653757247260981,0.07653757247260981,2,10.17182/hepdata.138403.v1/t2
pa_jpsi816,Inclusive J/ψ,p-Pb,8.16,Minimum bias,RpPb,5.5,5.0,6.0,0.993,0.128,0.128,0.07026378868236469,0.07026378868236469,3,10.17182/hepdata.138403.v1/t2
pa_jpsi816,Inclusive J/ψ,p-Pb,8.16,Minimum bias,RpPb,6.5,6.0,7.0,1.124,0.159,0.159,0.08095677859203639,0.08095677859203639,4,10.17182/hepdata.138403.v1/t2
pa_jpsi816,Inclusive J/ψ,p-Pb,8.16,Minimum bias,RpPb,7.5,7.0,8.0,1.166,0.173,0.173,0.09794896630388705,0.09794896630388705,5,10.17182/hepdata.138403.v1/t2
pa_jpsi816,Inclusive J/ψ,p-Pb,8.16,Minimum bias,RpPb,9.0,8.0,10.0,1.02,0.173,0.173,0.09404786015641187,0.09404786015641187,6,10.17182/hepdata.138403.v1/t2
pa_jpsi816,Inclusive J/ψ,p-Pb,8.16,Minimum bias,RpPb,12.0,10.0,14.0,1.245,0.218,0.218,0.10897706180660222,0.10897706180660222,7,10.17182/hepdata.138403.v1/t2
pa_prompt_jpsi816,Prompt J/ψ,p-Pb,8.16,Minimum bias,RpPb,3.0,2.0,4.0,0.955,0.119,0.119,0.064,0.064,0,10.17182/hepdata.138403.v1/t7
pa_prompt_jpsi816,Prompt J/ψ,p-Pb,8.16,Minimum bias,RpPb,5.0,4.0,6.0,1.005,0.102,0.102,0.066,0.066,1,10.17182/hepdata.138403.v1/t7
pa_prompt_jpsi816,Prompt J/ψ,p-Pb,8.16,Minimum bias,RpPb,7.0,6.0,8.0,1.079,0.135,0.135,0.071,0.071,2,10.17182/hepdata.138403.v1/t7
pa_prompt_jpsi816,Prompt J/ψ,p-Pb,8.16,Minimum bias,RpPb,9.0,8.0,10.0,0.973,0.206,0.206,0.066,0.066,3,10.17182/hepdata.138403.v1/t7
pa_prompt_jpsi816,Prompt J/ψ,p-Pb,8.16,Minimum bias,RpPb,12.0,10.0,14.0,1.315,0.308,0.308,0.092,0.092,4,10.17182/hepdata.138403.v1/t7
pa_b_jpsi816,Nonprompt J/ψ,p-Pb,8.16,Minimum bias,RpPb,3.0,2.0,4.0,0.926,0.362,0.362,0.122,0.122,0,10.17182/hepdata.138403.v1/t8
pa_b_jpsi816,Nonprompt J/ψ,p-Pb,8.16,Minimum bias,RpPb,5.0,4.0,6.0,1.341,0.285,0.285,0.118,0.118,1,10.17182/hepdata.138403.v1/t8
pa_b_jpsi816,Nonprompt J/ψ,p-Pb,8.16,Minimum bias,RpPb,7.0,6.0,8.0,1.367,0.296,0.296,0.1,0.1,2,10.17182/hepdata.138403.v1/t8
pa_b_jpsi816,Nonprompt J/ψ,p-Pb,8.16,Minimum bias,RpPb,9.0,8.0,10.0,1.133,0.354,0.354,0.088,0.088,3,10.17182/hepdata.138403.v1/t8
pa_b_jpsi816,Nonprompt J/ψ,p-Pb,8.16,Minimum bias,RpPb,12.0,10.0,14.0,1.124,0.407,0.407,0.095,0.095,4,10.17182/hepdata.138403.v1/t8
oo_pi0,π⁰,O-O,5.36,Minimum bias,ROO,1.3,1.2,1.4,0.74009,0.00756,0.00756,0.0468,0.0468,0,10.17182/hepdata.182535.v1/t6
oo_pi0,π⁰,O-O,5.36,Minimum bias,ROO,1.45,1.4,1.5,0.74233,0.00723,0.00723,0.0364,0.0364,1,10.17182/hepdata.182535.v1/t6
oo_pi0,π⁰,O-O,5.36,Minimum bias,ROO,1.55,1.5,1.6,0.73538,0.00636,0.00636,0.0287,0.0287,2,10.17182/hepdata.182535.v1/t6
oo_pi0,π⁰,O-O,5.36,Minimum bias,ROO,1.65,1.6,1.7,0.72623,0.00586,0.00586,0.0246,0.0246,3,10.17182/hepdata.182535.v1/t6
oo_pi0,π⁰,O-O,5.36,Minimum bias,ROO,1.75,1.7,1.8,0.73232,0.00572,0.00572,0.0231,0.0231,4,10.17182/hepdata.182535.v1/t6
oo_pi0,π⁰,O-O,5.36,Minimum bias,ROO,1.85,1.8,1.9,0.74346,0.00579,0.00579,0.0222,0.0222,5,10.17182/hepdata.182535.v1/t6
oo_pi0,π⁰,O-O,5.36,Minimum bias,ROO,1.95,1.9,2.0,0.72381,0.0056,0.0056,0.021,0.021,6,10.17182/hepdata.182535.v1/t6
oo_pi0,π⁰,O-O,5.36,Minimum bias,ROO,2.05,2.0,2.1,0.72951,0.00567,0.00567,0.0198,0.0198,7,10.17182/hepdata.182535.v1/t6
oo_pi0,π⁰,O-O,5.36,Minimum bias,ROO,2.15,2.1,2.2,0.71893,0.00573,0.00573,0.0189,0.0189,8,10.17182/hepdata.182535.v1/t6
oo_pi0,π⁰,O-O,5.36,Minimum bias,ROO,2.3,2.2,2.4,0.70927,0.00409,0.00409,0.0183,0.0183,9,10.17182/hepdata.182535.v1/t6
oo_pi0,π⁰,O-O,5.36,Minimum bias,ROO,2.5,2.4,2.6,0.69873,0.0044,0.0044,0.0179,0.0179,10,10.17182/hepdata.182535.v1/t6
oo_pi0,π⁰,O-O,5.36,Minimum bias,ROO,2.7,2.6,2.8,0.69712,0.00468,0.00468,0.0181,0.0181,11,10.17182/hepdata.182535.v1/t6
oo_pi0,π⁰,O-O,5.36,Minimum bias,ROO,2.9,2.8,3.0,0.68395,0.00492,0.00492,0.0181,0.0181,12,10.17182/hepdata.182535.v1/t6
oo_pi0,π⁰,O-O,5.36,Minimum bias,ROO,3.1,3.0,3.2,0.67564,0.00514,0.00514,0.0182,0.0182,13,10.17182/hepdata.182535.v1/t6
oo_pi0,π⁰,O-O,5.36,Minimum bias,ROO,3.3,3.2,3.4,0.6708,0.00563,0.00563,0.0183,0.0183,14,10.17182/hepdata.182535.v1/t6
oo_pi0,π⁰,O-O,5.36,Minimum bias,ROO,3.5,3.4,3.6,0.67189,0.00614,0.00614,0.0185,0.0185,15,10.17182/hepdata.182535.v1/t6
oo_pi0,π⁰,O-O,5.36,Minimum bias,ROO,3.7,3.6,3.8,0.66817,0.00679,0.00679,0.0185,0.0185,16,10.17182/hepdata.182535.v1/t6
oo_pi0,π⁰,O-O,5.36,Minimum bias,ROO,4.0,3.8,4.2,0.65182,0.00522,0.00522,0.0184,0.0184,17,10.17182/hepdata.182535.v1/t6
oo_pi0,π⁰,O-O,5.36,Minimum bias,ROO,4.4,4.2,4.6,0.64526,0.00617,0.00617,0.0188,0.0188,18,10.17182/hepdata.182535.v1/t6
oo_pi0,π⁰,O-O,5.36,Minimum bias,ROO,4.95,4.6,5.3,0.64707,0.00561,0.00561,0.019,0.019,19,10.17182/hepdata.182535.v1/t6
oo_pi0,π⁰,O-O,5.36,Minimum bias,ROO,5.65,5.3,6.0,0.65342,0.00748,0.00748,0.0191,0.0191,20,10.17182/hepdata.182535.v1/t6
oo_pi0,π⁰,O-O,5.36,Minimum bias,ROO,6.5,6.0,7.0,0.66109,0.00837,0.00837,0.0194,0.0194,21,10.17182/hepdata.182535.v1/t6
oo_pi0,π⁰,O-O,5.36,Minimum bias,ROO,7.5,7.0,8.0,0.67663,0.0113,0.0113,0.0201,0.0201,22,10.17182/hepdata.182535.v1/t6
oo_pi0,π⁰,O-O,5.36,Minimum bias,ROO,9.0,8.0,10.0,0.6999,0.0123,0.0123,0.0226,0.0226,23,10.17182/hepdata.182535.v1/t6
oo_pi0,π⁰,O-O,5.36,Minimum bias,ROO,11.0,10.0,12.0,0.73759,0.0235,0.0235,0.028,0.028,24,10.17182/hepdata.182535.v1/t6
oo_pi0,π⁰,O-O,5.36,Minimum bias,ROO,13.5,12.0,15.0,0.76625,0.0338,0.0338,0.0363,0.0363,25,10.17182/hepdata.182535.v1/t6
oo_pi0,π⁰,O-O,5.36,Minimum bias,ROO,17.5,15.0,20.0,0.82835,0.0846,0.0846,0.0493,0.0493,26,10.17182/hepdata.182535.v1/t6
po_pi0,π⁰,p-O,9.62,Minimum bias,RpO,1.3,1.2,1.4,0.94338,0.00815,0.00815,0.0278,0.0278,0,10.17182/hepdata.182535.v1/t7
po_pi0,π⁰,p-O,9.62,Minimum bias,RpO,1.45,1.4,1.5,0.94593,0.00836,0.00836,0.0268,0.0268,1,10.17182/hepdata.182535.v1/t7
po_pi0,π⁰,p-O,9.62,Minimum bias,RpO,1.55,1.5,1.6,0.95246,0.00769,0.00769,0.0272,0.0272,2,10.17182/hepdata.182535.v1/t7
po_pi0,π⁰,p-O,9.62,Minimum bias,RpO,1.65,1.6,1.7,0.95552,0.00724,0.00724,0.0276,0.0276,3,10.17182/hepdata.182535.v1/t7
po_pi0,π⁰,p-O,9.62,Minimum bias,RpO,1.75,1.7,1.8,0.96148,0.00711,0.00711,0.0282,0.0282,4,10.17182/hepdata.182535.v1/t7
po_pi0,π⁰,p-O,9.62,Minimum bias,RpO,1.85,1.8,1.9,0.96935,0.00711,0.00711,0.0287,0.0287,5,10.17182/hepdata.182535.v1/t7
po_pi0,π⁰,p-O,9.62,Minimum bias,RpO,1.95,1.9,2.0,0.97383,0.00707,0.00707,0.0288,0.0288,6,10.17182/hepdata.182535.v1/t7
po_pi0,π⁰,p-O,9.62,Minimum bias,RpO,2.05,2.0,2.1,0.97084,0.00712,0.00712,0.0288,0.0288,7,10.17182/hepdata.182535.v1/t7
po_pi0,π⁰,p-O,9.62,Minimum bias,RpO,2.15,2.1,2.2,0.98318,0.00742,0.00742,0.0293,0.0293,8,10.17182/hepdata.182535.v1/t7
po_pi0,π⁰,p-O,9.62,Minimum bias,RpO,2.3,2.2,2.4,0.97888,0.00543,0.00543,0.0292,0.0292,9,10.17182/hepdata.182535.v1/t7
po_pi0,π⁰,p-O,9.62,Minimum bias,RpO,2.5,2.4,2.6,0.97057,0.00575,0.00575,0.0293,0.0293,10,10.17182/hepdata.182535.v1/t7
po_pi0,π⁰,p-O,9.62,Minimum bias,RpO,2.7,2.6,2.8,0.97242,0.00617,0.00617,0.0298,0.0298,11,10.17182/hepdata.182535.v1/t7
po_pi0,π⁰,p-O,9.62,Minimum bias,RpO,2.9,2.8,3.0,0.97594,0.00664,0.00664,0.0304,0.0304,12,10.17182/hepdata.182535.v1/t7
po_pi0,π⁰,p-O,9.62,Minimum bias,RpO,3.1,3.0,3.2,0.9664,0.0071,0.0071,0.0307,0.0307,13,10.17182/hepdata.182535.v1/t7
po_pi0,π⁰,p-O,9.62,Minimum bias,RpO,3.3,3.2,3.4,0.98299,0.0079,0.0079,0.0314,0.0314,14,10.17182/hepdata.182535.v1/t7
po_pi0,π⁰,p-O,9.62,Minimum bias,RpO,3.5,3.4,3.6,0.98066,0.00867,0.00867,0.0325,0.0325,15,10.17182/hepdata.182535.v1/t7
po_pi0,π⁰,p-O,9.62,Minimum bias,RpO,3.7,3.6,3.8,0.97217,0.00934,0.00934,0.034,0.034,16,10.17182/hepdata.182535.v1/t7
po_pi0,π⁰,p-O,9.62,Minimum bias,RpO,4.0,3.8,4.2,0.96577,0.00739,0.00739,0.0359,0.0359,17,10.17182/hepdata.182535.v1/t7
po_pi0,π⁰,p-O,9.62,Minimum bias,RpO,4.4,4.2,4.6,0.96184,0.0088,0.0088,0.0374,0.0374,18,10.17182/hepdata.182535.v1/t7
po_pi0,π⁰,p-O,9.62,Minimum bias,RpO,4.95,4.6,5.3,0.96382,0.00744,0.00744,0.0345,0.0345,19,10.17182/hepdata.182535.v1/t7
po_pi0,π⁰,p-O,9.62,Minimum bias,RpO,5.65,5.3,6.0,0.99178,0.00971,0.00971,0.0333,0.0333,20,10.17182/hepdata.182535.v1/t7
po_pi0,π⁰,p-O,9.62,Minimum bias,RpO,6.5,6.0,7.0,0.97861,0.0107,0.0107,0.0348,0.0348,21,10.17182/hepdata.182535.v1/t7
po_pi0,π⁰,p-O,9.62,Minimum bias,RpO,7.5,7.0,8.0,0.9884,0.0146,0.0146,0.0341,0.0341,22,10.17182/hepdata.182535.v1/t7
po_pi0,π⁰,p-O,9.62,Minimum bias,RpO,9.0,8.0,10.0,0.99492,0.0152,0.0152,0.0389,0.0389,23,10.17182/hepdata.182535.v1/t7
po_pi0,π⁰,p-O,9.62,Minimum bias,RpO,11.0,10.0,12.0,0.98049,0.0257,0.0257,0.0427,0.0427,24,10.17182/hepdata.182535.v1/t7
po_pi0,π⁰,p-O,9.62,Minimum bias,RpO,13.5,12.0,15.0,0.97736,0.036,0.036,0.0474,0.0474,25,10.17182/hepdata.182535.v1/t7
po_pi0,π⁰,p-O,9.62,Minimum bias,RpO,17.5,15.0,20.0,0.97697,0.0814,0.0814,0.0572,0.0572,26,10.17182/hepdata.182535.v1/t7
